"train/global_step","translategemma-4b-darija-en-v5 - train/loss","translategemma-4b-darija-en-v5 - train/loss__MIN","translategemma-4b-darija-en-v5 - train/loss__MAX","translategemma-4b-darija-en-v5 - _step","translategemma-4b-darija-en-v5 - _step__MIN","translategemma-4b-darija-en-v5 - _step__MAX"
"5","4.056017303466797","4.056017303466797","4.056017303466797","2","2","2"
"10","1.5863862037658691","1.5863862037658691","1.5863862037658691","4","4","4"
"15","1.5302050590515137","1.5302050590515137","1.5302050590515137","5","5","5"
"20","1.3979354858398438","1.3979354858398438","1.3979354858398438","7","7","7"
"25","1.3043615341186523","1.3043615341186523","1.3043615341186523","8","8","8"
"30","1.440213966369629","1.440213966369629","1.440213966369629","9","9","9"
"35","1.3265451431274413","1.3265451431274413","1.3265451431274413","10","10","10"
"40","1.199692440032959","1.199692440032959","1.199692440032959","11","11","11"
"45","1.1680983543395995","1.1680983543395995","1.1680983543395995","12","12","12"
"50","1.2536914825439454","1.2536914825439454","1.2536914825439454","14","14","14"
"55","1.135205364227295","1.135205364227295","1.135205364227295","15","15","15"
"60","1.1441476821899415","1.1441476821899415","1.1441476821899415","16","16","16"
"65","1.1700118064880372","1.1700118064880372","1.1700118064880372","17","17","17"
"70","1.085118579864502","1.085118579864502","1.085118579864502","18","18","18"
"75","1.0645533561706544","1.0645533561706544","1.0645533561706544","19","19","19"
"80","1.105507755279541","1.105507755279541","1.105507755279541","20","20","20"
"85","1.058372688293457","1.058372688293457","1.058372688293457","21","21","21"
"90","1.1102249145507812","1.1102249145507812","1.1102249145507812","22","22","22"
"95","1.060501766204834","1.060501766204834","1.060501766204834","23","23","23"
"100","1.0406811714172364","1.0406811714172364","1.0406811714172364","25","25","25"
"105","1.0173820495605468","1.0173820495605468","1.0173820495605468","26","26","26"
"110","0.9618690490722657","0.9618690490722657","0.9618690490722657","27","27","27"
"115","0.9929031372070313","0.9929031372070313","0.9929031372070313","28","28","28"
"120","1.0499171257019042","1.0499171257019042","1.0499171257019042","29","29","29"
"125","0.9735529899597168","0.9735529899597168","0.9735529899597168","30","30","30"
"130","0.9538474082946777","0.9538474082946777","0.9538474082946777","31","31","31"
"135","0.9389222145080567","0.9389222145080567","0.9389222145080567","32","32","32"
"140","0.9899703979492187","0.9899703979492187","0.9899703979492187","33","33","33"
"145","0.949977970123291","0.949977970123291","0.949977970123291","34","34","34"
"150","0.9464000701904297","0.9464000701904297","0.9464000701904297","36","36","36"
"155","0.9167834281921386","0.9167834281921386","0.9167834281921386","37","37","37"
"160","0.9429361343383789","0.9429361343383789","0.9429361343383789","38","38","38"
"165","0.9010334968566894","0.9010334968566894","0.9010334968566894","39","39","39"
"170","0.8881155014038086","0.8881155014038086","0.8881155014038086","40","40","40"
"175","0.925438404083252","0.925438404083252","0.925438404083252","41","41","41"
"180","0.8322907447814941","0.8322907447814941","0.8322907447814941","42","42","42"
"185","0.8913103103637695","0.8913103103637695","0.8913103103637695","43","43","43"
"190","0.8946397781372071","0.8946397781372071","0.8946397781372071","44","44","44"
"195","0.8372482299804688","0.8372482299804688","0.8372482299804688","45","45","45"
"200","0.8555525779724121","0.8555525779724121","0.8555525779724121","47","47","47"
"205","0.8418427467346191","0.8418427467346191","0.8418427467346191","48","48","48"
"210","0.8360225677490234","0.8360225677490234","0.8360225677490234","49","49","49"
"215","0.8715686798095703","0.8715686798095703","0.8715686798095703","50","50","50"
"220","0.8865084648132324","0.8865084648132324","0.8865084648132324","51","51","51"
"225","0.8105374336242676","0.8105374336242676","0.8105374336242676","52","52","52"
"230","0.8953984260559082","0.8953984260559082","0.8953984260559082","53","53","53"
"235","0.9027055740356446","0.9027055740356446","0.9027055740356446","54","54","54"
"240","0.8175990104675293","0.8175990104675293","0.8175990104675293","55","55","55"
"245","0.845404052734375","0.845404052734375","0.845404052734375","56","56","56"
"250","0.8212942123413086","0.8212942123413086","0.8212942123413086","58","58","58"
"255","0.8365292549133301","0.8365292549133301","0.8365292549133301","59","59","59"
"260","0.8251261711120605","0.8251261711120605","0.8251261711120605","60","60","60"
"265","0.8057987213134765","0.8057987213134765","0.8057987213134765","61","61","61"
"270","0.8330659866333008","0.8330659866333008","0.8330659866333008","62","62","62"
"275","0.7912803173065186","0.7912803173065186","0.7912803173065186","63","63","63"
"280","0.8012218475341797","0.8012218475341797","0.8012218475341797","64","64","64"
"285","0.775049877166748","0.775049877166748","0.775049877166748","65","65","65"
"290","0.7565454959869384","0.7565454959869384","0.7565454959869384","66","66","66"
"295","0.868145751953125","0.868145751953125","0.868145751953125","67","67","67"
"300","0.8420036315917969","0.8420036315917969","0.8420036315917969","69","69","69"
"305","0.7664438247680664","0.7664438247680664","0.7664438247680664","70","70","70"
"310","0.7872737884521485","0.7872737884521485","0.7872737884521485","71","71","71"
"315","0.7744736194610595","0.7744736194610595","0.7744736194610595","72","72","72"
"320","0.753620719909668","0.753620719909668","0.753620719909668","73","73","73"
"325","0.7512413501739502","0.7512413501739502","0.7512413501739502","74","74","74"
"330","0.8081618309020996","0.8081618309020996","0.8081618309020996","75","75","75"
"335","0.7794148921966553","0.7794148921966553","0.7794148921966553","76","76","76"
"340","0.789684247970581","0.789684247970581","0.789684247970581","77","77","77"
"345","0.7774936199188233","0.7774936199188233","0.7774936199188233","78","78","78"
"350","0.7533862113952636","0.7533862113952636","0.7533862113952636","80","80","80"
"355","0.7294712066650391","0.7294712066650391","0.7294712066650391","81","81","81"
"360","0.833014965057373","0.833014965057373","0.833014965057373","82","82","82"
"365","0.7594820022583008","0.7594820022583008","0.7594820022583008","83","83","83"
"370","0.7750569343566894","0.7750569343566894","0.7750569343566894","84","84","84"
"375","0.7590614795684815","0.7590614795684815","0.7590614795684815","85","85","85"
"380","0.7668575763702392","0.7668575763702392","0.7668575763702392","86","86","86"
"385","0.7599033832550048","0.7599033832550048","0.7599033832550048","87","87","87"
"390","0.7358363151550293","0.7358363151550293","0.7358363151550293","88","88","88"
"395","0.7814345359802246","0.7814345359802246","0.7814345359802246","89","89","89"
"400","0.7023898124694824","0.7023898124694824","0.7023898124694824","91","91","91"
"405","0.7366668701171875","0.7366668701171875","0.7366668701171875","92","92","92"
"410","0.7718391418457031","0.7718391418457031","0.7718391418457031","93","93","93"
"415","0.7417862415313721","0.7417862415313721","0.7417862415313721","94","94","94"
"420","0.8013969421386719","0.8013969421386719","0.8013969421386719","95","95","95"
"425","0.7354494571685791","0.7354494571685791","0.7354494571685791","96","96","96"
"430","0.7036896705627441","0.7036896705627441","0.7036896705627441","97","97","97"
"435","0.7555039405822754","0.7555039405822754","0.7555039405822754","98","98","98"
"440","0.8223785400390625","0.8223785400390625","0.8223785400390625","99","99","99"
"445","0.7777498245239258","0.7777498245239258","0.7777498245239258","100","100","100"
"450","0.7504240989685058","0.7504240989685058","0.7504240989685058","102","102","102"
"455","0.7447548389434815","0.7447548389434815","0.7447548389434815","103","103","103"
"460","0.7786539554595947","0.7786539554595947","0.7786539554595947","104","104","104"
"465","0.7149855136871338","0.7149855136871338","0.7149855136871338","105","105","105"
"470","0.7435364723205566","0.7435364723205566","0.7435364723205566","106","106","106"
"475","0.7122223854064942","0.7122223854064942","0.7122223854064942","107","107","107"
"480","0.7432828903198242","0.7432828903198242","0.7432828903198242","108","108","108"
"485","0.7694506645202637","0.7694506645202637","0.7694506645202637","109","109","109"
"490","0.7722243785858154","0.7722243785858154","0.7722243785858154","110","110","110"
"495","0.7177400112152099","0.7177400112152099","0.7177400112152099","111","111","111"
"500","0.7401551723480224","0.7401551723480224","0.7401551723480224","113","113","113"
"505","0.7209854602813721","0.7209854602813721","0.7209854602813721","114","114","114"
"510","0.7093549728393554","0.7093549728393554","0.7093549728393554","115","115","115"
"515","0.7014689445495605","0.7014689445495605","0.7014689445495605","116","116","116"
"520","0.7332358360290527","0.7332358360290527","0.7332358360290527","117","117","117"
"525","0.756251859664917","0.756251859664917","0.756251859664917","118","118","118"
"530","0.7607879638671875","0.7607879638671875","0.7607879638671875","119","119","119"
"535","0.7038334846496582","0.7038334846496582","0.7038334846496582","120","120","120"
"540","0.7401062488555908","0.7401062488555908","0.7401062488555908","121","121","121"
"545","0.6800302982330322","0.6800302982330322","0.6800302982330322","122","122","122"
"550","0.6854398250579834","0.6854398250579834","0.6854398250579834","124","124","124"
"555","0.7102590560913086","0.7102590560913086","0.7102590560913086","125","125","125"
"560","0.698314094543457","0.698314094543457","0.698314094543457","126","126","126"
"565","0.6881072521209717","0.6881072521209717","0.6881072521209717","127","127","127"
"570","0.6620713233947754","0.6620713233947754","0.6620713233947754","128","128","128"
"575","0.6701539039611817","0.6701539039611817","0.6701539039611817","129","129","129"
"580","0.733793306350708","0.733793306350708","0.733793306350708","130","130","130"
"585","0.7289080142974853","0.7289080142974853","0.7289080142974853","131","131","131"
"590","0.6862730503082275","0.6862730503082275","0.6862730503082275","132","132","132"
"595","0.7193332195281983","0.7193332195281983","0.7193332195281983","133","133","133"
"600","0.7908374309539795","0.7908374309539795","0.7908374309539795","135","135","135"
"605","0.6695489883422852","0.6695489883422852","0.6695489883422852","136","136","136"
"610","0.7351730823516845","0.7351730823516845","0.7351730823516845","137","137","137"
"615","0.7163814067840576","0.7163814067840576","0.7163814067840576","138","138","138"
"620","0.7329687118530274","0.7329687118530274","0.7329687118530274","139","139","139"
"625","0.7280480861663818","0.7280480861663818","0.7280480861663818","140","140","140"
"630","0.7019726276397705","0.7019726276397705","0.7019726276397705","141","141","141"
"635","0.6577701091766357","0.6577701091766357","0.6577701091766357","142","142","142"
"640","0.6983993530273438","0.6983993530273438","0.6983993530273438","143","143","143"
"645","0.7051002502441406","0.7051002502441406","0.7051002502441406","144","144","144"
"650","0.7219512462615967","0.7219512462615967","0.7219512462615967","146","146","146"
"655","0.6737137794494629","0.6737137794494629","0.6737137794494629","147","147","147"
"660","0.7453322887420655","0.7453322887420655","0.7453322887420655","148","148","148"
"665","0.6340547561645508","0.6340547561645508","0.6340547561645508","149","149","149"
"670","0.7121834754943848","0.7121834754943848","0.7121834754943848","150","150","150"
"675","0.734624719619751","0.734624719619751","0.734624719619751","151","151","151"
"680","0.7191866397857666","0.7191866397857666","0.7191866397857666","152","152","152"
"685","0.6824970722198487","0.6824970722198487","0.6824970722198487","153","153","153"
"690","0.7127992153167725","0.7127992153167725","0.7127992153167725","154","154","154"
"695","0.6827110290527344","0.6827110290527344","0.6827110290527344","155","155","155"
"700","0.659169864654541","0.659169864654541","0.659169864654541","157","157","157"
"705","0.6678975105285645","0.6678975105285645","0.6678975105285645","158","158","158"
"710","0.7121654033660889","0.7121654033660889","0.7121654033660889","159","159","159"
"715","0.7069529056549072","0.7069529056549072","0.7069529056549072","160","160","160"
"720","0.7263116836547852","0.7263116836547852","0.7263116836547852","161","161","161"
"725","0.680901050567627","0.680901050567627","0.680901050567627","162","162","162"
"730","0.6967881679534912","0.6967881679534912","0.6967881679534912","163","163","163"
"735","0.6761584281921387","0.6761584281921387","0.6761584281921387","164","164","164"
"740","0.7305443763732911","0.7305443763732911","0.7305443763732911","165","165","165"
"745","0.688519287109375","0.688519287109375","0.688519287109375","166","166","166"
"750","0.7144978046417236","0.7144978046417236","0.7144978046417236","168","168","168"
"755","0.6971696853637696","0.6971696853637696","0.6971696853637696","169","169","169"
"760","0.6771089553833007","0.6771089553833007","0.6771089553833007","170","170","170"
"765","0.707569694519043","0.707569694519043","0.707569694519043","171","171","171"
"770","0.6356861114501953","0.6356861114501953","0.6356861114501953","172","172","172"
"775","0.6294564247131348","0.6294564247131348","0.6294564247131348","173","173","173"
"780","0.6505455017089844","0.6505455017089844","0.6505455017089844","174","174","174"
"785","0.6740971565246582","0.6740971565246582","0.6740971565246582","175","175","175"
"790","0.6878669261932373","0.6878669261932373","0.6878669261932373","176","176","176"
"795","0.668863582611084","0.668863582611084","0.668863582611084","177","177","177"
"800","0.6466440677642822","0.6466440677642822","0.6466440677642822","179","179","179"
"805","0.6651828289031982","0.6651828289031982","0.6651828289031982","180","180","180"
"810","0.6621793270111084","0.6621793270111084","0.6621793270111084","181","181","181"
"815","0.6623212814331054","0.6623212814331054","0.6623212814331054","182","182","182"
"820","0.6948060989379883","0.6948060989379883","0.6948060989379883","183","183","183"
"825","0.6734467506408691","0.6734467506408691","0.6734467506408691","184","184","184"
"830","0.6216052532196045","0.6216052532196045","0.6216052532196045","185","185","185"
"835","0.6994829177856445","0.6994829177856445","0.6994829177856445","186","186","186"
"840","0.6696120738983155","0.6696120738983155","0.6696120738983155","187","187","187"
"845","0.6480741500854492","0.6480741500854492","0.6480741500854492","188","188","188"
"850","0.6686972141265869","0.6686972141265869","0.6686972141265869","190","190","190"
"855","0.672873592376709","0.672873592376709","0.672873592376709","191","191","191"
"860","0.6856606960296631","0.6856606960296631","0.6856606960296631","192","192","192"
"865","0.6528263568878174","0.6528263568878174","0.6528263568878174","193","193","193"
"870","0.6659259796142578","0.6659259796142578","0.6659259796142578","194","194","194"
"875","0.6565378189086915","0.6565378189086915","0.6565378189086915","195","195","195"
"880","0.6944209098815918","0.6944209098815918","0.6944209098815918","196","196","196"
"885","0.679328727722168","0.679328727722168","0.679328727722168","197","197","197"
"890","0.7042383670806884","0.7042383670806884","0.7042383670806884","198","198","198"
"895","0.6569234371185303","0.6569234371185303","0.6569234371185303","199","199","199"
"900","0.6463557243347168","0.6463557243347168","0.6463557243347168","201","201","201"
"905","0.6711262702941895","0.6711262702941895","0.6711262702941895","202","202","202"
"910","0.7330716133117676","0.7330716133117676","0.7330716133117676","203","203","203"
"915","0.6222249031066894","0.6222249031066894","0.6222249031066894","204","204","204"
"920","0.6371491432189942","0.6371491432189942","0.6371491432189942","205","205","205"
"925","0.6390811443328858","0.6390811443328858","0.6390811443328858","206","206","206"
"930","0.695689582824707","0.695689582824707","0.695689582824707","207","207","207"
"935","0.6564345359802246","0.6564345359802246","0.6564345359802246","208","208","208"
"940","0.6464169502258301","0.6464169502258301","0.6464169502258301","209","209","209"
"945","0.6859573364257813","0.6859573364257813","0.6859573364257813","210","210","210"
"950","0.6383067607879639","0.6383067607879639","0.6383067607879639","212","212","212"
"955","0.6302511692047119","0.6302511692047119","0.6302511692047119","213","213","213"
"960","0.6694371223449707","0.6694371223449707","0.6694371223449707","214","214","214"
"965","0.6441142082214355","0.6441142082214355","0.6441142082214355","215","215","215"
"970","0.6156734943389892","0.6156734943389892","0.6156734943389892","216","216","216"
"975","0.7050115585327148","0.7050115585327148","0.7050115585327148","217","217","217"
"980","0.6426378726959229","0.6426378726959229","0.6426378726959229","218","218","218"
"985","0.5992562770843506","0.5992562770843506","0.5992562770843506","219","219","219"
"990","0.656465721130371","0.656465721130371","0.656465721130371","220","220","220"
"995","0.5945137977600098","0.5945137977600098","0.5945137977600098","221","221","221"
"1000","0.6412066459655762","0.6412066459655762","0.6412066459655762","223","223","223"
"1005","0.703435754776001","0.703435754776001","0.703435754776001","225","225","225"
"1010","0.6638447761535644","0.6638447761535644","0.6638447761535644","226","226","226"
"1015","0.636925220489502","0.636925220489502","0.636925220489502","227","227","227"
"1020","0.6367688655853272","0.6367688655853272","0.6367688655853272","228","228","228"
"1025","0.6636473178863526","0.6636473178863526","0.6636473178863526","229","229","229"
"1030","0.6598156452178955","0.6598156452178955","0.6598156452178955","230","230","230"
"1035","0.6038715362548828","0.6038715362548828","0.6038715362548828","231","231","231"
"1040","0.6686489105224609","0.6686489105224609","0.6686489105224609","232","232","232"
"1045","0.6635363101959229","0.6635363101959229","0.6635363101959229","233","233","233"
"1050","0.6429697513580322","0.6429697513580322","0.6429697513580322","235","235","235"
"1055","0.6700984477996826","0.6700984477996826","0.6700984477996826","236","236","236"
"1060","0.6845299243927002","0.6845299243927002","0.6845299243927002","237","237","237"
"1065","0.6199352741241455","0.6199352741241455","0.6199352741241455","238","238","238"
"1070","0.6007692337036132","0.6007692337036132","0.6007692337036132","239","239","239"
"1075","0.6402760505676269","0.6402760505676269","0.6402760505676269","240","240","240"
"1080","0.5797377586364746","0.5797377586364746","0.5797377586364746","241","241","241"
"1085","0.6366303920745849","0.6366303920745849","0.6366303920745849","242","242","242"
"1090","0.6024432182312012","0.6024432182312012","0.6024432182312012","243","243","243"
"1095","0.6959441184997559","0.6959441184997559","0.6959441184997559","244","244","244"
"1100","0.6745774745941162","0.6745774745941162","0.6745774745941162","246","246","246"
"1105","0.6419367790222168","0.6419367790222168","0.6419367790222168","247","247","247"
"1110","0.6253880500793457","0.6253880500793457","0.6253880500793457","248","248","248"
"1115","0.5879471778869629","0.5879471778869629","0.5879471778869629","249","249","249"
"1120","0.681149959564209","0.681149959564209","0.681149959564209","250","250","250"
"1125","0.6904879093170166","0.6904879093170166","0.6904879093170166","251","251","251"
"1130","0.6116727828979492","0.6116727828979492","0.6116727828979492","252","252","252"
"1135","0.6316778659820557","0.6316778659820557","0.6316778659820557","253","253","253"
"1140","0.6811513423919677","0.6811513423919677","0.6811513423919677","254","254","254"
"1145","0.5816142082214355","0.5816142082214355","0.5816142082214355","255","255","255"
"1150","0.5939974308013916","0.5939974308013916","0.5939974308013916","257","257","257"
"1155","0.5932729721069336","0.5932729721069336","0.5932729721069336","258","258","258"
"1160","0.6181052207946778","0.6181052207946778","0.6181052207946778","259","259","259"
"1165","0.670351219177246","0.670351219177246","0.670351219177246","260","260","260"
"1170","0.661972951889038","0.661972951889038","0.661972951889038","261","261","261"
"1175","0.5797072887420655","0.5797072887420655","0.5797072887420655","262","262","262"
"1180","0.6069782257080079","0.6069782257080079","0.6069782257080079","263","263","263"
"1185","0.6129827499389648","0.6129827499389648","0.6129827499389648","264","264","264"
"1190","0.6548166275024414","0.6548166275024414","0.6548166275024414","265","265","265"
"1195","0.6604334831237793","0.6604334831237793","0.6604334831237793","266","266","266"
"1200","0.607406759262085","0.607406759262085","0.607406759262085","268","268","268"
"1205","0.6465280055999756","0.6465280055999756","0.6465280055999756","269","269","269"
"1210","0.6735954284667969","0.6735954284667969","0.6735954284667969","270","270","270"
"1215","0.6181288242340088","0.6181288242340088","0.6181288242340088","271","271","271"
"1220","0.6262565612792969","0.6262565612792969","0.6262565612792969","272","272","272"
"1225","0.5863855838775635","0.5863855838775635","0.5863855838775635","273","273","273"
"1230","0.633626651763916","0.633626651763916","0.633626651763916","274","274","274"
"1235","0.6722050666809082","0.6722050666809082","0.6722050666809082","275","275","275"
"1240","0.6469581604003907","0.6469581604003907","0.6469581604003907","276","276","276"
"1245","0.6264216899871826","0.6264216899871826","0.6264216899871826","277","277","277"
"1250","0.6162751674652099","0.6162751674652099","0.6162751674652099","279","279","279"
"1255","0.6906614303588867","0.6906614303588867","0.6906614303588867","280","280","280"
"1260","0.6562359809875489","0.6562359809875489","0.6562359809875489","281","281","281"
"1265","0.6843097686767579","0.6843097686767579","0.6843097686767579","282","282","282"
"1270","0.6326426506042481","0.6326426506042481","0.6326426506042481","283","283","283"
"1275","0.6603795051574707","0.6603795051574707","0.6603795051574707","284","284","284"
"1280","0.6557668209075928","0.6557668209075928","0.6557668209075928","285","285","285"
"1285","0.6463053226470947","0.6463053226470947","0.6463053226470947","286","286","286"
"1290","0.6428101062774658","0.6428101062774658","0.6428101062774658","287","287","287"
"1295","0.5813591957092286","0.5813591957092286","0.5813591957092286","288","288","288"
"1300","0.6170186996459961","0.6170186996459961","0.6170186996459961","290","290","290"
"1305","0.6322540283203125","0.6322540283203125","0.6322540283203125","291","291","291"
"1310","0.6163503170013428","0.6163503170013428","0.6163503170013428","292","292","292"
"1315","0.5993814945220948","0.5993814945220948","0.5993814945220948","293","293","293"
"1320","0.6292563915252686","0.6292563915252686","0.6292563915252686","294","294","294"
"1325","0.6456706523895264","0.6456706523895264","0.6456706523895264","295","295","295"
"1330","0.5710833549499512","0.5710833549499512","0.5710833549499512","296","296","296"
"1335","0.6514084815979004","0.6514084815979004","0.6514084815979004","297","297","297"
"1340","0.6315745353698731","0.6315745353698731","0.6315745353698731","298","298","298"
"1345","0.5956605434417724","0.5956605434417724","0.5956605434417724","299","299","299"
"1350","0.6039706707000733","0.6039706707000733","0.6039706707000733","301","301","301"
"1355","0.6362298965454102","0.6362298965454102","0.6362298965454102","302","302","302"
"1360","0.6037959098815918","0.6037959098815918","0.6037959098815918","303","303","303"
"1365","0.6373217105865479","0.6373217105865479","0.6373217105865479","304","304","304"
"1370","0.6690982818603516","0.6690982818603516","0.6690982818603516","305","305","305"
"1375","0.5913924217224121","0.5913924217224121","0.5913924217224121","306","306","306"
"1380","0.6283232688903808","0.6283232688903808","0.6283232688903808","307","307","307"
"1385","0.6295697212219238","0.6295697212219238","0.6295697212219238","308","308","308"
"1390","0.6585808277130127","0.6585808277130127","0.6585808277130127","309","309","309"
"1395","0.5695042133331298","0.5695042133331298","0.5695042133331298","310","310","310"
"1400","0.6110494613647461","0.6110494613647461","0.6110494613647461","312","312","312"
"1405","0.6268040657043457","0.6268040657043457","0.6268040657043457","313","313","313"
"1410","0.6297265529632569","0.6297265529632569","0.6297265529632569","314","314","314"
"1415","0.635586166381836","0.635586166381836","0.635586166381836","315","315","315"
"1420","0.6392959594726563","0.6392959594726563","0.6392959594726563","316","316","316"
"1425","0.5983108043670654","0.5983108043670654","0.5983108043670654","317","317","317"
"1430","0.6309361457824707","0.6309361457824707","0.6309361457824707","318","318","318"
"1435","0.6352657318115235","0.6352657318115235","0.6352657318115235","319","319","319"
"1440","0.6289864540100097","0.6289864540100097","0.6289864540100097","320","320","320"
"1445","0.6208335876464843","0.6208335876464843","0.6208335876464843","321","321","321"
"1450","0.6081321239471436","0.6081321239471436","0.6081321239471436","323","323","323"
"1455","0.5878168106079101","0.5878168106079101","0.5878168106079101","324","324","324"
"1460","0.6186494350433349","0.6186494350433349","0.6186494350433349","325","325","325"
"1465","0.6607382774353028","0.6607382774353028","0.6607382774353028","326","326","326"
"1470","0.6014995098114013","0.6014995098114013","0.6014995098114013","327","327","327"
"1475","0.6711416244506836","0.6711416244506836","0.6711416244506836","328","328","328"
"1480","0.5982795238494873","0.5982795238494873","0.5982795238494873","329","329","329"
"1485","0.611144733428955","0.611144733428955","0.611144733428955","330","330","330"
"1490","0.6222059249877929","0.6222059249877929","0.6222059249877929","331","331","331"
"1495","0.5934403419494629","0.5934403419494629","0.5934403419494629","332","332","332"
"1500","0.6207291126251221","0.6207291126251221","0.6207291126251221","334","334","334"
"1505","0.5975386619567871","0.5975386619567871","0.5975386619567871","335","335","335"
"1510","0.6188920497894287","0.6188920497894287","0.6188920497894287","336","336","336"
"1515","0.6739748477935791","0.6739748477935791","0.6739748477935791","337","337","337"
"1520","0.6082712650299072","0.6082712650299072","0.6082712650299072","338","338","338"
"1525","0.6301151275634765","0.6301151275634765","0.6301151275634765","339","339","339"
"1530","0.5753808975219726","0.5753808975219726","0.5753808975219726","340","340","340"
"1535","0.623694372177124","0.623694372177124","0.623694372177124","341","341","341"
"1540","0.5815077781677246","0.5815077781677246","0.5815077781677246","342","342","342"
"1545","0.6253031730651856","0.6253031730651856","0.6253031730651856","343","343","343"
"1550","0.599339485168457","0.599339485168457","0.599339485168457","345","345","345"
"1555","0.6121689796447753","0.6121689796447753","0.6121689796447753","346","346","346"
"1560","0.6039772510528565","0.6039772510528565","0.6039772510528565","347","347","347"
"1565","0.5406202793121337","0.5406202793121337","0.5406202793121337","348","348","348"
"1570","0.5867925643920898","0.5867925643920898","0.5867925643920898","349","349","349"
"1575","0.6074747085571289","0.6074747085571289","0.6074747085571289","350","350","350"
"1580","0.5790953159332275","0.5790953159332275","0.5790953159332275","351","351","351"
"1585","0.59526047706604","0.59526047706604","0.59526047706604","352","352","352"
"1590","0.560440969467163","0.560440969467163","0.560440969467163","353","353","353"
"1595","0.6354181289672851","0.6354181289672851","0.6354181289672851","354","354","354"
"1600","0.6393754005432128","0.6393754005432128","0.6393754005432128","356","356","356"
"1605","0.5644015312194824","0.5644015312194824","0.5644015312194824","357","357","357"
"1610","0.5748352527618408","0.5748352527618408","0.5748352527618408","358","358","358"
"1615","0.5691569328308106","0.5691569328308106","0.5691569328308106","359","359","359"
"1620","0.6068161010742188","0.6068161010742188","0.6068161010742188","360","360","360"
"1625","0.594315481185913","0.594315481185913","0.594315481185913","361","361","361"
"1630","0.6288841247558594","0.6288841247558594","0.6288841247558594","362","362","362"
"1635","0.5957260131835938","0.5957260131835938","0.5957260131835938","363","363","363"
"1640","0.6176524639129639","0.6176524639129639","0.6176524639129639","364","364","364"
"1645","0.5636289119720459","0.5636289119720459","0.5636289119720459","365","365","365"
"1650","0.5858021259307862","0.5858021259307862","0.5858021259307862","367","367","367"
"1655","0.6026809215545654","0.6026809215545654","0.6026809215545654","368","368","368"
"1660","0.6067427158355713","0.6067427158355713","0.6067427158355713","369","369","369"
"1665","0.577083969116211","0.577083969116211","0.577083969116211","370","370","370"
"1670","0.5820613861083984","0.5820613861083984","0.5820613861083984","371","371","371"
"1675","0.5806725025177002","0.5806725025177002","0.5806725025177002","372","372","372"
"1680","0.5705575942993164","0.5705575942993164","0.5705575942993164","373","373","373"
"1685","0.6233224868774414","0.6233224868774414","0.6233224868774414","374","374","374"
"1690","0.5651627540588379","0.5651627540588379","0.5651627540588379","375","375","375"
"1695","0.5811422824859619","0.5811422824859619","0.5811422824859619","376","376","376"
"1700","0.5851377964019775","0.5851377964019775","0.5851377964019775","378","378","378"
"1705","0.6532242774963379","0.6532242774963379","0.6532242774963379","379","379","379"
"1710","0.5780465126037597","0.5780465126037597","0.5780465126037597","380","380","380"
"1715","0.5536962985992432","0.5536962985992432","0.5536962985992432","381","381","381"
"1720","0.5786254405975342","0.5786254405975342","0.5786254405975342","382","382","382"
"1725","0.5707038879394531","0.5707038879394531","0.5707038879394531","383","383","383"
"1730","0.6231932163238525","0.6231932163238525","0.6231932163238525","384","384","384"
"1735","0.5651939392089844","0.5651939392089844","0.5651939392089844","385","385","385"
"1740","0.6000575542449951","0.6000575542449951","0.6000575542449951","386","386","386"
"1745","0.6210332393646241","0.6210332393646241","0.6210332393646241","387","387","387"
"1750","0.5944733142852783","0.5944733142852783","0.5944733142852783","389","389","389"
"1755","0.5889832019805908","0.5889832019805908","0.5889832019805908","390","390","390"
"1760","0.5898812294006348","0.5898812294006348","0.5898812294006348","391","391","391"
"1765","0.5927862167358399","0.5927862167358399","0.5927862167358399","392","392","392"
"1770","0.6563798427581787","0.6563798427581787","0.6563798427581787","393","393","393"
"1775","0.5596345424652099","0.5596345424652099","0.5596345424652099","394","394","394"
"1780","0.6640926361083984","0.6640926361083984","0.6640926361083984","395","395","395"
"1785","0.5888852596282959","0.5888852596282959","0.5888852596282959","396","396","396"
"1790","0.5767387866973877","0.5767387866973877","0.5767387866973877","397","397","397"
"1795","0.6165928363800048","0.6165928363800048","0.6165928363800048","398","398","398"
"1800","0.5399057388305664","0.5399057388305664","0.5399057388305664","400","400","400"
"1805","0.591950798034668","0.591950798034668","0.591950798034668","401","401","401"
"1810","0.5374793529510498","0.5374793529510498","0.5374793529510498","402","402","402"
"1815","0.57902512550354","0.57902512550354","0.57902512550354","403","403","403"
"1820","0.6088782787322998","0.6088782787322998","0.6088782787322998","404","404","404"
"1825","0.5216153144836426","0.5216153144836426","0.5216153144836426","405","405","405"
"1830","0.6406127452850342","0.6406127452850342","0.6406127452850342","406","406","406"
"1835","0.5742904663085937","0.5742904663085937","0.5742904663085937","407","407","407"
"1840","0.6037859439849853","0.6037859439849853","0.6037859439849853","408","408","408"
"1845","0.5878552436828614","0.5878552436828614","0.5878552436828614","409","409","409"
"1850","0.601484727859497","0.601484727859497","0.601484727859497","411","411","411"
"1855","0.6014228820800781","0.6014228820800781","0.6014228820800781","412","412","412"
"1860","0.5847708702087402","0.5847708702087402","0.5847708702087402","413","413","413"
"1865","0.585351037979126","0.585351037979126","0.585351037979126","414","414","414"
"1870","0.5752313137054443","0.5752313137054443","0.5752313137054443","415","415","415"
"1875","0.5539673328399658","0.5539673328399658","0.5539673328399658","416","416","416"
"1880","0.611435842514038","0.611435842514038","0.611435842514038","417","417","417"
"1885","0.541632890701294","0.541632890701294","0.541632890701294","418","418","418"
"1890","0.5551526546478271","0.5551526546478271","0.5551526546478271","419","419","419"
"1895","0.5903418064117432","0.5903418064117432","0.5903418064117432","420","420","420"
"1900","0.6289229393005371","0.6289229393005371","0.6289229393005371","422","422","422"
"1905","0.5990343570709229","0.5990343570709229","0.5990343570709229","423","423","423"
"1910","0.5433490753173829","0.5433490753173829","0.5433490753173829","424","424","424"
"1915","0.5706238746643066","0.5706238746643066","0.5706238746643066","425","425","425"
"1920","0.5598053932189941","0.5598053932189941","0.5598053932189941","426","426","426"
"1925","0.5474879741668701","0.5474879741668701","0.5474879741668701","427","427","427"
"1930","0.6382945060729981","0.6382945060729981","0.6382945060729981","428","428","428"
"1935","0.6037001609802246","0.6037001609802246","0.6037001609802246","429","429","429"
"1940","0.577855920791626","0.577855920791626","0.577855920791626","430","430","430"
"1945","0.5844756126403808","0.5844756126403808","0.5844756126403808","431","431","431"
"1950","0.6737741947174072","0.6737741947174072","0.6737741947174072","433","433","433"
"1955","0.6017421245574951","0.6017421245574951","0.6017421245574951","434","434","434"
"1960","0.5739043235778809","0.5739043235778809","0.5739043235778809","435","435","435"
"1965","0.630953598022461","0.630953598022461","0.630953598022461","436","436","436"
"1970","0.5664477348327637","0.5664477348327637","0.5664477348327637","437","437","437"
"1975","0.5983298778533935","0.5983298778533935","0.5983298778533935","438","438","438"
"1980","0.5738430500030518","0.5738430500030518","0.5738430500030518","439","439","439"
"1985","0.5449099540710449","0.5449099540710449","0.5449099540710449","440","440","440"
"1990","0.5574449062347412","0.5574449062347412","0.5574449062347412","441","441","441"
"1995","0.5584757328033447","0.5584757328033447","0.5584757328033447","442","442","442"
"2000","0.6164091110229493","0.6164091110229493","0.6164091110229493","444","444","444"
"2005","0.5798994541168213","0.5798994541168213","0.5798994541168213","446","446","446"
"2010","0.5715688705444336","0.5715688705444336","0.5715688705444336","447","447","447"
"2015","0.5742083072662354","0.5742083072662354","0.5742083072662354","448","448","448"
"2020","0.591241455078125","0.591241455078125","0.591241455078125","449","449","449"
"2025","0.5364668846130372","0.5364668846130372","0.5364668846130372","450","450","450"
"2030","0.6021152019500733","0.6021152019500733","0.6021152019500733","451","451","451"
"2035","0.571809959411621","0.571809959411621","0.571809959411621","452","452","452"
"2040","0.6235530853271485","0.6235530853271485","0.6235530853271485","453","453","453"
"2045","0.553356409072876","0.553356409072876","0.553356409072876","454","454","454"
"2050","0.5600735187530518","0.5600735187530518","0.5600735187530518","456","456","456"
"2055","0.608102560043335","0.608102560043335","0.608102560043335","457","457","457"
"2060","0.5763174057006836","0.5763174057006836","0.5763174057006836","458","458","458"
"2065","0.5434349536895752","0.5434349536895752","0.5434349536895752","459","459","459"
"2070","0.6435146331787109","0.6435146331787109","0.6435146331787109","460","460","460"
"2075","0.5785025596618653","0.5785025596618653","0.5785025596618653","461","461","461"
"2080","0.6035523414611816","0.6035523414611816","0.6035523414611816","462","462","462"
"2085","0.579063606262207","0.579063606262207","0.579063606262207","463","463","463"
"2090","0.5598694324493408","0.5598694324493408","0.5598694324493408","464","464","464"
"2095","0.5619843959808349","0.5619843959808349","0.5619843959808349","465","465","465"
"2100","0.5713798046112061","0.5713798046112061","0.5713798046112061","467","467","467"
"2105","0.5522809982299804","0.5522809982299804","0.5522809982299804","468","468","468"
"2110","0.5553081512451172","0.5553081512451172","0.5553081512451172","469","469","469"
"2115","0.5955750942230225","0.5955750942230225","0.5955750942230225","470","470","470"
"2120","0.6152538776397705","0.6152538776397705","0.6152538776397705","471","471","471"
"2125","0.5625857353210449","0.5625857353210449","0.5625857353210449","472","472","472"
"2130","0.621410322189331","0.621410322189331","0.621410322189331","473","473","473"
"2135","0.5704051494598389","0.5704051494598389","0.5704051494598389","474","474","474"
"2140","0.5360100269317627","0.5360100269317627","0.5360100269317627","475","475","475"
"2145","0.5577394962310791","0.5577394962310791","0.5577394962310791","476","476","476"
"2150","0.5733559131622314","0.5733559131622314","0.5733559131622314","478","478","478"
"2155","0.5717132091522217","0.5717132091522217","0.5717132091522217","479","479","479"
"2160","0.5944708824157715","0.5944708824157715","0.5944708824157715","480","480","480"
"2165","0.5862991809844971","0.5862991809844971","0.5862991809844971","481","481","481"
"2170","0.5290162563323975","0.5290162563323975","0.5290162563323975","482","482","482"
"2175","0.5858596324920654","0.5858596324920654","0.5858596324920654","483","483","483"
"2180","0.5764564514160156","0.5764564514160156","0.5764564514160156","484","484","484"
"2185","0.5791929721832275","0.5791929721832275","0.5791929721832275","485","485","485"
"2190","0.5867064952850342","0.5867064952850342","0.5867064952850342","486","486","486"
"2195","0.5404646873474122","0.5404646873474122","0.5404646873474122","487","487","487"
"2200","0.5827127456665039","0.5827127456665039","0.5827127456665039","489","489","489"
"2205","0.570475721359253","0.570475721359253","0.570475721359253","490","490","490"
"2210","0.5861303329467773","0.5861303329467773","0.5861303329467773","491","491","491"
"2215","0.5509060859680176","0.5509060859680176","0.5509060859680176","492","492","492"
"2220","0.524876594543457","0.524876594543457","0.524876594543457","493","493","493"
"2225","0.54598970413208","0.54598970413208","0.54598970413208","494","494","494"
"2230","0.596516227722168","0.596516227722168","0.596516227722168","495","495","495"
"2235","0.5862531661987305","0.5862531661987305","0.5862531661987305","496","496","496"
"2240","0.5280427455902099","0.5280427455902099","0.5280427455902099","497","497","497"
"2245","0.5671129703521729","0.5671129703521729","0.5671129703521729","498","498","498"
"2250","0.551608943939209","0.551608943939209","0.551608943939209","500","500","500"
"2255","0.5801210880279541","0.5801210880279541","0.5801210880279541","501","501","501"
"2260","0.5728533744812012","0.5728533744812012","0.5728533744812012","502","502","502"
"2265","0.5601817607879639","0.5601817607879639","0.5601817607879639","503","503","503"
"2270","0.5610183715820313","0.5610183715820313","0.5610183715820313","504","504","504"
"2275","0.5868481159210205","0.5868481159210205","0.5868481159210205","505","505","505"
"2280","0.5700542449951171","0.5700542449951171","0.5700542449951171","506","506","506"
"2285","0.5424370765686035","0.5424370765686035","0.5424370765686035","507","507","507"
"2290","0.5283147811889648","0.5283147811889648","0.5283147811889648","508","508","508"
"2295","0.5208354473114014","0.5208354473114014","0.5208354473114014","509","509","509"
"2300","0.5807931900024415","0.5807931900024415","0.5807931900024415","511","511","511"
"2305","0.598612117767334","0.598612117767334","0.598612117767334","512","512","512"
"2310","0.5518584728240967","0.5518584728240967","0.5518584728240967","513","513","513"
"2315","0.5430191993713379","0.5430191993713379","0.5430191993713379","514","514","514"
"2320","0.5734667778015137","0.5734667778015137","0.5734667778015137","515","515","515"
"2325","0.5537622451782227","0.5537622451782227","0.5537622451782227","516","516","516"
"2330","0.5778007984161377","0.5778007984161377","0.5778007984161377","517","517","517"
"2335","0.5727630615234375","0.5727630615234375","0.5727630615234375","518","518","518"
"2340","0.5424956798553466","0.5424956798553466","0.5424956798553466","519","519","519"
"2345","0.6027549266815185","0.6027549266815185","0.6027549266815185","520","520","520"
"2350","0.5389499187469482","0.5389499187469482","0.5389499187469482","522","522","522"
"2355","0.5650878429412842","0.5650878429412842","0.5650878429412842","523","523","523"
"2360","0.5675185203552247","0.5675185203552247","0.5675185203552247","524","524","524"
"2365","0.5622573375701905","0.5622573375701905","0.5622573375701905","525","525","525"
"2370","0.5535609245300293","0.5535609245300293","0.5535609245300293","526","526","526"
"2375","0.5549489498138428","0.5549489498138428","0.5549489498138428","527","527","527"
"2380","0.5608503818511963","0.5608503818511963","0.5608503818511963","528","528","528"
"2385","0.5787345886230468","0.5787345886230468","0.5787345886230468","529","529","529"
"2390","0.5592473030090332","0.5592473030090332","0.5592473030090332","530","530","530"
"2395","0.5689395427703857","0.5689395427703857","0.5689395427703857","531","531","531"
"2400","0.5854361534118653","0.5854361534118653","0.5854361534118653","533","533","533"
"2405","0.5831653594970703","0.5831653594970703","0.5831653594970703","534","534","534"
"2410","0.5487911224365234","0.5487911224365234","0.5487911224365234","535","535","535"
"2415","0.6564557075500488","0.6564557075500488","0.6564557075500488","536","536","536"
"2420","0.5430228233337402","0.5430228233337402","0.5430228233337402","537","537","537"
"2425","0.5378494262695312","0.5378494262695312","0.5378494262695312","538","538","538"
"2430","0.573039960861206","0.573039960861206","0.573039960861206","539","539","539"
"2435","0.6322896003723144","0.6322896003723144","0.6322896003723144","540","540","540"
"2440","0.5478756427764893","0.5478756427764893","0.5478756427764893","541","541","541"
"2445","0.5680569648742676","0.5680569648742676","0.5680569648742676","542","542","542"
"2450","0.5216975212097168","0.5216975212097168","0.5216975212097168","544","544","544"
"2455","0.5376639842987061","0.5376639842987061","0.5376639842987061","545","545","545"
"2460","0.5892331600189209","0.5892331600189209","0.5892331600189209","546","546","546"
"2465","0.5471762180328369","0.5471762180328369","0.5471762180328369","547","547","547"
"2470","0.536554479598999","0.536554479598999","0.536554479598999","548","548","548"
"2475","0.582741641998291","0.582741641998291","0.582741641998291","549","549","549"
"2480","0.5282747268676757","0.5282747268676757","0.5282747268676757","550","550","550"
"2485","0.5759862422943115","0.5759862422943115","0.5759862422943115","551","551","551"
"2490","0.5455921173095704","0.5455921173095704","0.5455921173095704","552","552","552"
"2495","0.6091748714447022","0.6091748714447022","0.6091748714447022","553","553","553"
"2500","0.5001362800598145","0.5001362800598145","0.5001362800598145","555","555","555"
"2505","0.5500182151794434","0.5500182151794434","0.5500182151794434","556","556","556"
"2510","0.5536718368530273","0.5536718368530273","0.5536718368530273","557","557","557"
"2515","0.5632153034210206","0.5632153034210206","0.5632153034210206","558","558","558"
"2520","0.6046030998229981","0.6046030998229981","0.6046030998229981","559","559","559"
"2525","0.5520469665527343","0.5520469665527343","0.5520469665527343","560","560","560"
"2530","0.5632880687713623","0.5632880687713623","0.5632880687713623","561","561","561"
"2535","0.5893059730529785","0.5893059730529785","0.5893059730529785","562","562","562"
"2540","0.5757332801818847","0.5757332801818847","0.5757332801818847","563","563","563"
"2545","0.5515805721282959","0.5515805721282959","0.5515805721282959","564","564","564"
"2550","0.5673179149627685","0.5673179149627685","0.5673179149627685","566","566","566"
"2555","0.5720068931579589","0.5720068931579589","0.5720068931579589","567","567","567"
"2560","0.5281689167022705","0.5281689167022705","0.5281689167022705","568","568","568"
"2565","0.5395884990692139","0.5395884990692139","0.5395884990692139","569","569","569"
"2570","0.5255311489105224","0.5255311489105224","0.5255311489105224","570","570","570"
"2575","0.5268586158752442","0.5268586158752442","0.5268586158752442","571","571","571"
"2580","0.4667631149291992","0.4667631149291992","0.4667631149291992","572","572","572"
"2585","0.5390208244323731","0.5390208244323731","0.5390208244323731","573","573","573"
"2590","0.5994723796844482","0.5994723796844482","0.5994723796844482","574","574","574"
"2595","0.5440862655639649","0.5440862655639649","0.5440862655639649","575","575","575"
"2600","0.5312684059143067","0.5312684059143067","0.5312684059143067","577","577","577"
"2605","0.5751297473907471","0.5751297473907471","0.5751297473907471","578","578","578"
"2610","0.5593830108642578","0.5593830108642578","0.5593830108642578","579","579","579"
"2615","0.5568210124969483","0.5568210124969483","0.5568210124969483","580","580","580"
"2620","0.594271469116211","0.594271469116211","0.594271469116211","581","581","581"
"2625","0.5722563743591309","0.5722563743591309","0.5722563743591309","582","582","582"
"2630","0.5485215187072754","0.5485215187072754","0.5485215187072754","583","583","583"
"2635","0.5442330360412597","0.5442330360412597","0.5442330360412597","584","584","584"
"2640","0.55643630027771","0.55643630027771","0.55643630027771","585","585","585"
"2645","0.5445646286010742","0.5445646286010742","0.5445646286010742","586","586","586"
"2650","0.5389201641082764","0.5389201641082764","0.5389201641082764","588","588","588"
"2655","0.5341531276702881","0.5341531276702881","0.5341531276702881","589","589","589"
"2660","0.5385981559753418","0.5385981559753418","0.5385981559753418","590","590","590"
"2665","0.566571569442749","0.566571569442749","0.566571569442749","591","591","591"
"2670","0.5773804664611817","0.5773804664611817","0.5773804664611817","592","592","592"
"2675","0.5027028560638428","0.5027028560638428","0.5027028560638428","593","593","593"
"2680","0.5333969593048096","0.5333969593048096","0.5333969593048096","594","594","594"
"2685","0.5962482452392578","0.5962482452392578","0.5962482452392578","595","595","595"
"2690","0.5678648471832275","0.5678648471832275","0.5678648471832275","596","596","596"
"2695","0.560207748413086","0.560207748413086","0.560207748413086","597","597","597"
"2700","0.5479848384857178","0.5479848384857178","0.5479848384857178","599","599","599"
"2705","0.5461591243743896","0.5461591243743896","0.5461591243743896","600","600","600"
"2710","0.5616720676422119","0.5616720676422119","0.5616720676422119","601","601","601"
"2715","0.6344335079193115","0.6344335079193115","0.6344335079193115","602","602","602"
"2720","0.533702278137207","0.533702278137207","0.533702278137207","603","603","603"
"2725","0.5140892028808594","0.5140892028808594","0.5140892028808594","604","604","604"
"2730","0.5603150367736817","0.5603150367736817","0.5603150367736817","605","605","605"
"2735","0.5613575935363769","0.5613575935363769","0.5613575935363769","606","606","606"
"2740","0.548973560333252","0.548973560333252","0.548973560333252","607","607","607"
"2745","0.5632877349853516","0.5632877349853516","0.5632877349853516","608","608","608"
"2750","0.5403394222259521","0.5403394222259521","0.5403394222259521","610","610","610"
"2755","0.5156498908996582","0.5156498908996582","0.5156498908996582","611","611","611"
"2760","0.5523612976074219","0.5523612976074219","0.5523612976074219","612","612","612"
"2765","0.5237318992614746","0.5237318992614746","0.5237318992614746","613","613","613"
"2770","0.5669993877410888","0.5669993877410888","0.5669993877410888","614","614","614"
"2775","0.5566808700561523","0.5566808700561523","0.5566808700561523","615","615","615"
"2780","0.529728364944458","0.529728364944458","0.529728364944458","616","616","616"
"2785","0.5733145713806153","0.5733145713806153","0.5733145713806153","617","617","617"
"2790","0.5615020751953125","0.5615020751953125","0.5615020751953125","618","618","618"
"2795","0.5128310680389404","0.5128310680389404","0.5128310680389404","619","619","619"
"2800","0.5643072128295898","0.5643072128295898","0.5643072128295898","621","621","621"
"2805","0.5267137050628662","0.5267137050628662","0.5267137050628662","622","622","622"
"2810","0.5764510631561279","0.5764510631561279","0.5764510631561279","623","623","623"
"2815","0.549679946899414","0.549679946899414","0.549679946899414","624","624","624"
"2820","0.528571891784668","0.528571891784668","0.528571891784668","625","625","625"
"2825","0.5411063194274902","0.5411063194274902","0.5411063194274902","626","626","626"
"2830","0.5772964477539062","0.5772964477539062","0.5772964477539062","627","627","627"
"2835","0.5543922424316406","0.5543922424316406","0.5543922424316406","628","628","628"
"2840","0.5194931507110596","0.5194931507110596","0.5194931507110596","629","629","629"
"2845","0.5185965538024903","0.5185965538024903","0.5185965538024903","630","630","630"
"2850","0.5695384979248047","0.5695384979248047","0.5695384979248047","632","632","632"
"2855","0.5355697631835937","0.5355697631835937","0.5355697631835937","633","633","633"
"2860","0.5443541049957276","0.5443541049957276","0.5443541049957276","634","634","634"
"2865","0.5771785259246827","0.5771785259246827","0.5771785259246827","635","635","635"
"2870","0.5435163497924804","0.5435163497924804","0.5435163497924804","636","636","636"
"2875","0.5475205898284912","0.5475205898284912","0.5475205898284912","637","637","637"
"2880","0.5585190773010253","0.5585190773010253","0.5585190773010253","638","638","638"
"2885","0.5730128765106202","0.5730128765106202","0.5730128765106202","639","639","639"
"2890","0.5288230895996093","0.5288230895996093","0.5288230895996093","640","640","640"
"2895","0.5220806121826171","0.5220806121826171","0.5220806121826171","641","641","641"
"2900","0.5695184707641602","0.5695184707641602","0.5695184707641602","643","643","643"
"2905","0.5983590126037598","0.5983590126037598","0.5983590126037598","644","644","644"
"2910","0.530839204788208","0.530839204788208","0.530839204788208","645","645","645"
"2915","0.5474269390106201","0.5474269390106201","0.5474269390106201","646","646","646"
"2920","0.5232288837432861","0.5232288837432861","0.5232288837432861","647","647","647"
"2925","0.5020244598388672","0.5020244598388672","0.5020244598388672","648","648","648"
"2930","0.5587015628814698","0.5587015628814698","0.5587015628814698","649","649","649"
"2935","0.5545796871185302","0.5545796871185302","0.5545796871185302","650","650","650"
"2940","0.579939317703247","0.579939317703247","0.579939317703247","651","651","651"
"2945","0.5536761283874512","0.5536761283874512","0.5536761283874512","652","652","652"
"2950","0.5473114967346191","0.5473114967346191","0.5473114967346191","654","654","654"
"2955","0.5260282039642334","0.5260282039642334","0.5260282039642334","655","655","655"
"2960","0.5258351325988769","0.5258351325988769","0.5258351325988769","656","656","656"
"2965","0.5425374031066894","0.5425374031066894","0.5425374031066894","657","657","657"
"2970","0.5217316150665283","0.5217316150665283","0.5217316150665283","658","658","658"
"2975","0.5814794540405274","0.5814794540405274","0.5814794540405274","659","659","659"
"2980","0.5680673599243165","0.5680673599243165","0.5680673599243165","660","660","660"
"2985","0.505109167098999","0.505109167098999","0.505109167098999","661","661","661"
"2990","0.5829258441925049","0.5829258441925049","0.5829258441925049","662","662","662"
"2995","0.5206624031066894","0.5206624031066894","0.5206624031066894","663","663","663"
"3000","0.5727778911590576","0.5727778911590576","0.5727778911590576","665","665","665"
"3005","0.5051695823669433","0.5051695823669433","0.5051695823669433","667","667","667"
"3010","0.5452876567840577","0.5452876567840577","0.5452876567840577","668","668","668"
"3015","0.5779635906219482","0.5779635906219482","0.5779635906219482","669","669","669"
"3020","0.5322257041931152","0.5322257041931152","0.5322257041931152","670","670","670"
"3025","0.5875218391418457","0.5875218391418457","0.5875218391418457","671","671","671"
"3030","0.5310686111450196","0.5310686111450196","0.5310686111450196","672","672","672"
"3035","0.4922162055969238","0.4922162055969238","0.4922162055969238","673","673","673"
"3040","0.5425332546234131","0.5425332546234131","0.5425332546234131","674","674","674"
"3045","0.5411040782928467","0.5411040782928467","0.5411040782928467","675","675","675"
"3050","0.493778133392334","0.493778133392334","0.493778133392334","677","677","677"
"3055","0.5456688404083252","0.5456688404083252","0.5456688404083252","678","678","678"
"3060","0.5799006462097168","0.5799006462097168","0.5799006462097168","679","679","679"
"3065","0.5159541606903076","0.5159541606903076","0.5159541606903076","680","680","680"
"3070","0.5517396926879883","0.5517396926879883","0.5517396926879883","681","681","681"
"3075","0.5862549781799317","0.5862549781799317","0.5862549781799317","682","682","682"
"3080","0.5790281772613526","0.5790281772613526","0.5790281772613526","683","683","683"
"3085","0.522630262374878","0.522630262374878","0.522630262374878","684","684","684"
"3090","0.5122060775756836","0.5122060775756836","0.5122060775756836","685","685","685"
"3095","0.5248528003692627","0.5248528003692627","0.5248528003692627","686","686","686"
"3100","0.5504029273986817","0.5504029273986817","0.5504029273986817","688","688","688"
"3105","0.5587876796722412","0.5587876796722412","0.5587876796722412","689","689","689"
"3110","0.5519835948944092","0.5519835948944092","0.5519835948944092","690","690","690"
"3115","0.5668528079986572","0.5668528079986572","0.5668528079986572","691","691","691"
"3120","0.579878282546997","0.579878282546997","0.579878282546997","692","692","692"
"3125","0.529358196258545","0.529358196258545","0.529358196258545","693","693","693"
"3130","0.5763221740722656","0.5763221740722656","0.5763221740722656","694","694","694"
"3135","0.5235980987548828","0.5235980987548828","0.5235980987548828","695","695","695"
"3140","0.5536937713623047","0.5536937713623047","0.5536937713623047","696","696","696"
"3145","0.5311667442321777","0.5311667442321777","0.5311667442321777","697","697","697"
"3150","0.4948898792266846","0.4948898792266846","0.4948898792266846","699","699","699"
"3155","0.5289770126342773","0.5289770126342773","0.5289770126342773","700","700","700"
"3160","0.5181148052215576","0.5181148052215576","0.5181148052215576","701","701","701"
"3165","0.5623714923858643","0.5623714923858643","0.5623714923858643","702","702","702"
"3170","0.5083321571350098","0.5083321571350098","0.5083321571350098","703","703","703"
"3175","0.5669641971588135","0.5669641971588135","0.5669641971588135","704","704","704"
"3180","0.5308302402496338","0.5308302402496338","0.5308302402496338","705","705","705"
"3185","0.5267992973327636","0.5267992973327636","0.5267992973327636","706","706","706"
"3190","0.4952829837799072","0.4952829837799072","0.4952829837799072","707","707","707"
"3195","0.5156639575958252","0.5156639575958252","0.5156639575958252","708","708","708"
"3200","0.5950308322906495","0.5950308322906495","0.5950308322906495","710","710","710"
"3205","0.5900060653686523","0.5900060653686523","0.5900060653686523","711","711","711"
"3210","0.5304206848144531","0.5304206848144531","0.5304206848144531","712","712","712"
"3215","0.520760440826416","0.520760440826416","0.520760440826416","713","713","713"
"3220","0.5207871913909912","0.5207871913909912","0.5207871913909912","714","714","714"
"3225","0.5411814212799072","0.5411814212799072","0.5411814212799072","715","715","715"
"3230","0.49012269973754885","0.49012269973754885","0.49012269973754885","716","716","716"
"3235","0.5114603042602539","0.5114603042602539","0.5114603042602539","717","717","717"
"3240","0.5039879322052002","0.5039879322052002","0.5039879322052002","718","718","718"
"3245","0.5440358638763427","0.5440358638763427","0.5440358638763427","719","719","719"
"3250","0.5287182331085205","0.5287182331085205","0.5287182331085205","721","721","721"
"3255","0.5727429866790772","0.5727429866790772","0.5727429866790772","722","722","722"
"3260","0.4797123908996582","0.4797123908996582","0.4797123908996582","723","723","723"
"3265","0.5272153377532959","0.5272153377532959","0.5272153377532959","724","724","724"
"3270","0.5706804752349853","0.5706804752349853","0.5706804752349853","725","725","725"
"3275","0.531344985961914","0.531344985961914","0.531344985961914","726","726","726"
"3280","0.5049993991851807","0.5049993991851807","0.5049993991851807","727","727","727"
"3285","0.5569967269897461","0.5569967269897461","0.5569967269897461","728","728","728"
"3290","0.4737821102142334","0.4737821102142334","0.4737821102142334","729","729","729"
"3295","0.532829761505127","0.532829761505127","0.532829761505127","730","730","730"
"3300","0.5068700790405274","0.5068700790405274","0.5068700790405274","732","732","732"
"3305","0.48016743659973143","0.48016743659973143","0.48016743659973143","733","733","733"
"3310","0.4906166076660156","0.4906166076660156","0.4906166076660156","734","734","734"
"3315","0.5583680629730224","0.5583680629730224","0.5583680629730224","735","735","735"
"3320","0.5562816143035889","0.5562816143035889","0.5562816143035889","736","736","736"
"3325","0.5078564167022706","0.5078564167022706","0.5078564167022706","737","737","737"
"3330","0.5266353130340576","0.5266353130340576","0.5266353130340576","738","738","738"
"3335","0.5047400951385498","0.5047400951385498","0.5047400951385498","739","739","739"
"3340","0.533720588684082","0.533720588684082","0.533720588684082","740","740","740"
"3345","0.5633908271789551","0.5633908271789551","0.5633908271789551","741","741","741"
"3350","0.5228954315185547","0.5228954315185547","0.5228954315185547","743","743","743"
"3355","0.4995882034301758","0.4995882034301758","0.4995882034301758","744","744","744"
"3360","0.5964090347290039","0.5964090347290039","0.5964090347290039","745","745","745"
"3365","0.5263813018798829","0.5263813018798829","0.5263813018798829","746","746","746"
"3370","0.5269565582275391","0.5269565582275391","0.5269565582275391","747","747","747"
"3375","0.5758471012115478","0.5758471012115478","0.5758471012115478","748","748","748"
"3380","0.528538179397583","0.528538179397583","0.528538179397583","749","749","749"
"3385","0.5052678108215332","0.5052678108215332","0.5052678108215332","750","750","750"
"3390","0.5883224964141845","0.5883224964141845","0.5883224964141845","751","751","751"
"3395","0.5106450080871582","0.5106450080871582","0.5106450080871582","752","752","752"
"3400","0.5255910396575928","0.5255910396575928","0.5255910396575928","754","754","754"
"3405","0.5527514934539794","0.5527514934539794","0.5527514934539794","755","755","755"
"3410","0.5301708221435547","0.5301708221435547","0.5301708221435547","756","756","756"
"3415","0.5858407974243164","0.5858407974243164","0.5858407974243164","757","757","757"
"3420","0.5115046977996827","0.5115046977996827","0.5115046977996827","758","758","758"
"3425","0.5088304042816162","0.5088304042816162","0.5088304042816162","759","759","759"
"3430","0.5164045333862305","0.5164045333862305","0.5164045333862305","760","760","760"
"3435","0.5025664806365967","0.5025664806365967","0.5025664806365967","761","761","761"
"3440","0.5348644733428956","0.5348644733428956","0.5348644733428956","762","762","762"
"3445","0.5149299144744873","0.5149299144744873","0.5149299144744873","763","763","763"
"3450","0.5413102149963379","0.5413102149963379","0.5413102149963379","765","765","765"
"3455","0.5454113960266114","0.5454113960266114","0.5454113960266114","766","766","766"
"3460","0.5040852069854737","0.5040852069854737","0.5040852069854737","767","767","767"
"3465","0.47487363815307615","0.47487363815307615","0.47487363815307615","768","768","768"
"3470","0.5062335014343262","0.5062335014343262","0.5062335014343262","769","769","769"
"3475","0.5187893867492676","0.5187893867492676","0.5187893867492676","770","770","770"
"3480","0.5290342807769776","0.5290342807769776","0.5290342807769776","771","771","771"
"3485","0.5359147071838379","0.5359147071838379","0.5359147071838379","772","772","772"
"3490","0.5609399318695069","0.5609399318695069","0.5609399318695069","773","773","773"
"3495","0.5496641159057617","0.5496641159057617","0.5496641159057617","774","774","774"
"3500","0.49796552658081056","0.49796552658081056","0.49796552658081056","776","776","776"
"3505","0.5212854385375977","0.5212854385375977","0.5212854385375977","777","777","777"
"3510","0.5402338981628418","0.5402338981628418","0.5402338981628418","778","778","778"
"3515","0.48220047950744627","0.48220047950744627","0.48220047950744627","779","779","779"
"3520","0.5575233459472656","0.5575233459472656","0.5575233459472656","780","780","780"
"3525","0.5232492446899414","0.5232492446899414","0.5232492446899414","781","781","781"
"3530","0.5014488220214843","0.5014488220214843","0.5014488220214843","782","782","782"
"3535","0.47660579681396487","0.47660579681396487","0.47660579681396487","783","783","783"
"3540","0.5185150146484375","0.5185150146484375","0.5185150146484375","784","784","784"
"3545","0.4887867450714111","0.4887867450714111","0.4887867450714111","785","785","785"
"3550","0.4934962749481201","0.4934962749481201","0.4934962749481201","787","787","787"
"3555","0.5126135349273682","0.5126135349273682","0.5126135349273682","788","788","788"
"3560","0.5674849510192871","0.5674849510192871","0.5674849510192871","789","789","789"
"3565","0.5007198810577392","0.5007198810577392","0.5007198810577392","790","790","790"
"3570","0.5198018074035644","0.5198018074035644","0.5198018074035644","791","791","791"
"3575","0.5483388423919677","0.5483388423919677","0.5483388423919677","792","792","792"
"3580","0.5209622859954834","0.5209622859954834","0.5209622859954834","793","793","793"
"3585","0.508441162109375","0.508441162109375","0.508441162109375","794","794","794"
"3590","0.49917263984680177","0.49917263984680177","0.49917263984680177","795","795","795"
"3595","0.554780101776123","0.554780101776123","0.554780101776123","796","796","796"
"3600","0.5112915992736816","0.5112915992736816","0.5112915992736816","798","798","798"
"3605","0.5285496234893798","0.5285496234893798","0.5285496234893798","799","799","799"
"3610","0.5364208221435547","0.5364208221435547","0.5364208221435547","800","800","800"
"3615","0.4971922874450684","0.4971922874450684","0.4971922874450684","801","801","801"
"3620","0.5644457817077637","0.5644457817077637","0.5644457817077637","802","802","802"
"3625","0.4926368236541748","0.4926368236541748","0.4926368236541748","803","803","803"
"3630","0.5235424518585206","0.5235424518585206","0.5235424518585206","804","804","804"
"3635","0.5032179355621338","0.5032179355621338","0.5032179355621338","805","805","805"
"3640","0.5061500072479248","0.5061500072479248","0.5061500072479248","806","806","806"
"3645","0.5337148666381836","0.5337148666381836","0.5337148666381836","807","807","807"
"3650","0.5324769973754883","0.5324769973754883","0.5324769973754883","809","809","809"
"3655","0.5076934337615967","0.5076934337615967","0.5076934337615967","810","810","810"
"3660","0.576997947692871","0.576997947692871","0.576997947692871","811","811","811"
"3665","0.5211326122283936","0.5211326122283936","0.5211326122283936","812","812","812"
"3670","0.5218326568603515","0.5218326568603515","0.5218326568603515","813","813","813"
"3675","0.5008325099945068","0.5008325099945068","0.5008325099945068","814","814","814"
"3680","0.5523673534393311","0.5523673534393311","0.5523673534393311","815","815","815"
"3685","0.4900819778442383","0.4900819778442383","0.4900819778442383","816","816","816"
"3690","0.5396170139312744","0.5396170139312744","0.5396170139312744","817","817","817"
"3695","0.5295186519622803","0.5295186519622803","0.5295186519622803","818","818","818"
"3700","0.5474494457244873","0.5474494457244873","0.5474494457244873","820","820","820"
"3705","0.5251304149627686","0.5251304149627686","0.5251304149627686","821","821","821"
"3710","0.5113327980041504","0.5113327980041504","0.5113327980041504","822","822","822"
"3715","0.5167525768280029","0.5167525768280029","0.5167525768280029","823","823","823"
"3720","0.5368067264556885","0.5368067264556885","0.5368067264556885","824","824","824"
"3725","0.4961575508117676","0.4961575508117676","0.4961575508117676","825","825","825"
"3730","0.5088918685913086","0.5088918685913086","0.5088918685913086","826","826","826"
"3735","0.5176384925842286","0.5176384925842286","0.5176384925842286","827","827","827"
"3740","0.4920703411102295","0.4920703411102295","0.4920703411102295","828","828","828"
"3745","0.5094381332397461","0.5094381332397461","0.5094381332397461","829","829","829"
"3750","0.518043041229248","0.518043041229248","0.518043041229248","831","831","831"
"3755","0.5584003448486328","0.5584003448486328","0.5584003448486328","832","832","832"
"3760","0.517729663848877","0.517729663848877","0.517729663848877","833","833","833"
"3765","0.47646327018737794","0.47646327018737794","0.47646327018737794","834","834","834"
"3770","0.5046275615692138","0.5046275615692138","0.5046275615692138","835","835","835"
"3775","0.4792492866516113","0.4792492866516113","0.4792492866516113","836","836","836"
"3780","0.4459527492523193","0.4459527492523193","0.4459527492523193","837","837","837"
"3785","0.5184351921081543","0.5184351921081543","0.5184351921081543","838","838","838"
"3790","0.5278483390808105","0.5278483390808105","0.5278483390808105","839","839","839"
"3795","0.5276929855346679","0.5276929855346679","0.5276929855346679","840","840","840"
"3800","0.5380554676055909","0.5380554676055909","0.5380554676055909","842","842","842"
"3805","0.489823579788208","0.489823579788208","0.489823579788208","843","843","843"
"3810","0.4958351135253906","0.4958351135253906","0.4958351135253906","844","844","844"
"3815","0.5511523723602295","0.5511523723602295","0.5511523723602295","845","845","845"
"3820","0.5302499771118164","0.5302499771118164","0.5302499771118164","846","846","846"
"3825","0.46658802032470703","0.46658802032470703","0.46658802032470703","847","847","847"
"3830","0.5086804866790772","0.5086804866790772","0.5086804866790772","848","848","848"
"3835","0.5173095703125","0.5173095703125","0.5173095703125","849","849","849"
"3840","0.5613631248474121","0.5613631248474121","0.5613631248474121","850","850","850"
"3845","0.5075043201446533","0.5075043201446533","0.5075043201446533","851","851","851"
"3850","0.5246706962585449","0.5246706962585449","0.5246706962585449","853","853","853"
"3855","0.5438799381256103","0.5438799381256103","0.5438799381256103","854","854","854"
"3860","0.46233301162719725","0.46233301162719725","0.46233301162719725","855","855","855"
"3865","0.509693193435669","0.509693193435669","0.509693193435669","856","856","856"
"3870","0.4631637096405029","0.4631637096405029","0.4631637096405029","857","857","857"
"3875","0.5596710205078125","0.5596710205078125","0.5596710205078125","858","858","858"
"3880","0.5400084018707275","0.5400084018707275","0.5400084018707275","859","859","859"
"3885","0.504072618484497","0.504072618484497","0.504072618484497","860","860","860"
"3890","0.5124574661254883","0.5124574661254883","0.5124574661254883","861","861","861"
"3895","0.48191494941711427","0.48191494941711427","0.48191494941711427","862","862","862"
"3900","0.5476779937744141","0.5476779937744141","0.5476779937744141","864","864","864"
"3905","0.5241902351379395","0.5241902351379395","0.5241902351379395","865","865","865"
"3910","0.49234814643859864","0.49234814643859864","0.49234814643859864","866","866","866"
"3915","0.4798390865325928","0.4798390865325928","0.4798390865325928","867","867","867"
"3920","0.563158369064331","0.563158369064331","0.563158369064331","868","868","868"
"3925","0.6083706855773926","0.6083706855773926","0.6083706855773926","869","869","869"
"3930","0.5281407356262207","0.5281407356262207","0.5281407356262207","870","870","870"
"3935","0.5209227561950683","0.5209227561950683","0.5209227561950683","871","871","871"
"3940","0.4769745826721191","0.4769745826721191","0.4769745826721191","872","872","872"
"3945","0.5260000705718995","0.5260000705718995","0.5260000705718995","873","873","873"
"3950","0.5140548706054687","0.5140548706054687","0.5140548706054687","875","875","875"
"3955","0.5434557437896729","0.5434557437896729","0.5434557437896729","876","876","876"
"3960","0.5307031154632569","0.5307031154632569","0.5307031154632569","877","877","877"
"3965","0.5366559982299804","0.5366559982299804","0.5366559982299804","878","878","878"
"3970","0.5376513957977295","0.5376513957977295","0.5376513957977295","879","879","879"
"3975","0.5238731861114502","0.5238731861114502","0.5238731861114502","880","880","880"
"3980","0.5678086280822754","0.5678086280822754","0.5678086280822754","881","881","881"
"3985","0.48686895370483396","0.48686895370483396","0.48686895370483396","882","882","882"
"3990","0.48533992767333983","0.48533992767333983","0.48533992767333983","883","883","883"
"3995","0.501259708404541","0.501259708404541","0.501259708404541","884","884","884"
"4000","0.5295008182525635","0.5295008182525635","0.5295008182525635","886","886","886"
"4005","0.5097446441650391","0.5097446441650391","0.5097446441650391","888","888","888"
"4010","0.5109808921813965","0.5109808921813965","0.5109808921813965","889","889","889"
"4015","0.5480782508850097","0.5480782508850097","0.5480782508850097","890","890","890"
"4020","0.5431067466735839","0.5431067466735839","0.5431067466735839","891","891","891"
"4025","0.5025388240814209","0.5025388240814209","0.5025388240814209","892","892","892"
"4030","0.5156244277954102","0.5156244277954102","0.5156244277954102","893","893","893"
"4035","0.5037777423858643","0.5037777423858643","0.5037777423858643","894","894","894"
"4040","0.5188696384429932","0.5188696384429932","0.5188696384429932","895","895","895"
"4045","0.46063909530639646","0.46063909530639646","0.46063909530639646","896","896","896"
"4050","0.5190625190734863","0.5190625190734863","0.5190625190734863","898","898","898"
"4055","0.5141597270965577","0.5141597270965577","0.5141597270965577","899","899","899"
"4060","0.4981845378875732","0.4981845378875732","0.4981845378875732","900","900","900"
"4065","0.508679723739624","0.508679723739624","0.508679723739624","901","901","901"
"4070","0.507709550857544","0.507709550857544","0.507709550857544","902","902","902"
"4075","0.5022109031677247","0.5022109031677247","0.5022109031677247","903","903","903"
"4080","0.5059561252593994","0.5059561252593994","0.5059561252593994","904","904","904"
"4085","0.5028359413146972","0.5028359413146972","0.5028359413146972","905","905","905"
"4090","0.5020917415618896","0.5020917415618896","0.5020917415618896","906","906","906"
"4095","0.5394530296325684","0.5394530296325684","0.5394530296325684","907","907","907"
"4100","0.5234272956848145","0.5234272956848145","0.5234272956848145","909","909","909"
"4105","0.48173770904541013","0.48173770904541013","0.48173770904541013","910","910","910"
"4110","0.49883499145507815","0.49883499145507815","0.49883499145507815","911","911","911"
"4115","0.5096100807189942","0.5096100807189942","0.5096100807189942","912","912","912"
"4120","0.48503499031066893","0.48503499031066893","0.48503499031066893","913","913","913"
"4125","0.48220438957214357","0.48220438957214357","0.48220438957214357","914","914","914"
"4130","0.4814108371734619","0.4814108371734619","0.4814108371734619","915","915","915"
"4135","0.47281522750854493","0.47281522750854493","0.47281522750854493","916","916","916"
"4140","0.5169050216674804","0.5169050216674804","0.5169050216674804","917","917","917"
"4145","0.5475782871246337","0.5475782871246337","0.5475782871246337","918","918","918"
"4150","0.5417622566223145","0.5417622566223145","0.5417622566223145","920","920","920"
"4155","0.5128757953643799","0.5128757953643799","0.5128757953643799","921","921","921"
"4160","0.46715264320373534","0.46715264320373534","0.46715264320373534","922","922","922"
"4165","0.48860759735107423","0.48860759735107423","0.48860759735107423","923","923","923"
"4170","0.5029502391815186","0.5029502391815186","0.5029502391815186","924","924","924"
"4175","0.5438130378723145","0.5438130378723145","0.5438130378723145","925","925","925"
"4180","0.48650546073913575","0.48650546073913575","0.48650546073913575","926","926","926"
"4185","0.5274642467498779","0.5274642467498779","0.5274642467498779","927","927","927"
"4190","0.4902180671691895","0.4902180671691895","0.4902180671691895","928","928","928"
"4195","0.48352689743041993","0.48352689743041993","0.48352689743041993","929","929","929"
"4200","0.5000099658966064","0.5000099658966064","0.5000099658966064","931","931","931"
"4205","0.4900069713592529","0.4900069713592529","0.4900069713592529","932","932","932"
"4210","0.5204855918884277","0.5204855918884277","0.5204855918884277","933","933","933"
"4215","0.48105697631835936","0.48105697631835936","0.48105697631835936","934","934","934"
"4220","0.5022270202636718","0.5022270202636718","0.5022270202636718","935","935","935"
"4225","0.4739398956298828","0.4739398956298828","0.4739398956298828","936","936","936"
"4230","0.48424501419067384","0.48424501419067384","0.48424501419067384","937","937","937"
"4235","0.5267884731292725","0.5267884731292725","0.5267884731292725","938","938","938"
"4240","0.5021374702453614","0.5021374702453614","0.5021374702453614","939","939","939"
"4245","0.5309028148651123","0.5309028148651123","0.5309028148651123","940","940","940"
"4250","0.4583244323730469","0.4583244323730469","0.4583244323730469","942","942","942"
"4255","0.5142286777496338","0.5142286777496338","0.5142286777496338","943","943","943"
"4260","0.47659711837768554","0.47659711837768554","0.47659711837768554","944","944","944"
"4265","0.4981980323791504","0.4981980323791504","0.4981980323791504","945","945","945"
"4270","0.4809571743011475","0.4809571743011475","0.4809571743011475","946","946","946"
"4275","0.5293604373931885","0.5293604373931885","0.5293604373931885","947","947","947"
"4280","0.4848805904388428","0.4848805904388428","0.4848805904388428","948","948","948"
"4285","0.5275434017181396","0.5275434017181396","0.5275434017181396","949","949","949"
"4290","0.4784975528717041","0.4784975528717041","0.4784975528717041","950","950","950"
"4295","0.49775943756103513","0.49775943756103513","0.49775943756103513","951","951","951"
"4300","0.4839867115020752","0.4839867115020752","0.4839867115020752","953","953","953"
"4305","0.5061238765716553","0.5061238765716553","0.5061238765716553","954","954","954"
"4310","0.5120918273925781","0.5120918273925781","0.5120918273925781","955","955","955"
"4315","0.4985374927520752","0.4985374927520752","0.4985374927520752","956","956","956"
"4320","0.46959848403930665","0.46959848403930665","0.46959848403930665","957","957","957"
"4325","0.44776129722595215","0.44776129722595215","0.44776129722595215","958","958","958"
"4330","0.4905373573303223","0.4905373573303223","0.4905373573303223","959","959","959"
"4335","0.48611130714416506","0.48611130714416506","0.48611130714416506","960","960","960"
"4340","0.5044437408447265","0.5044437408447265","0.5044437408447265","961","961","961"
"4345","0.5132014274597168","0.5132014274597168","0.5132014274597168","962","962","962"
"4350","0.47968130111694335","0.47968130111694335","0.47968130111694335","964","964","964"
"4355","0.49265565872192385","0.49265565872192385","0.49265565872192385","965","965","965"
"4360","0.4664034366607666","0.4664034366607666","0.4664034366607666","966","966","966"
"4365","0.5049157619476319","0.5049157619476319","0.5049157619476319","967","967","967"
"4370","0.5332035064697266","0.5332035064697266","0.5332035064697266","968","968","968"
"4375","0.509744119644165","0.509744119644165","0.509744119644165","969","969","969"
"4380","0.4583096504211426","0.4583096504211426","0.4583096504211426","970","970","970"
"4385","0.4557140350341797","0.4557140350341797","0.4557140350341797","971","971","971"
"4390","0.49464974403381345","0.49464974403381345","0.49464974403381345","972","972","972"
"4395","0.5119527339935303","0.5119527339935303","0.5119527339935303","973","973","973"
"4400","0.4987077236175537","0.4987077236175537","0.4987077236175537","975","975","975"
"4405","0.4814800262451172","0.4814800262451172","0.4814800262451172","976","976","976"
"4410","0.47986249923706054","0.47986249923706054","0.47986249923706054","977","977","977"
"4415","0.5028427124023438","0.5028427124023438","0.5028427124023438","978","978","978"
"4420","0.49424057006835936","0.49424057006835936","0.49424057006835936","979","979","979"
"4425","0.4801515579223633","0.4801515579223633","0.4801515579223633","980","980","980"
"4430","0.4984807014465332","0.4984807014465332","0.4984807014465332","981","981","981"
"4435","0.5102374076843261","0.5102374076843261","0.5102374076843261","982","982","982"
"4440","0.5041182518005372","0.5041182518005372","0.5041182518005372","983","983","983"
"4445","0.49608521461486815","0.49608521461486815","0.49608521461486815","984","984","984"
"4450","0.46186304092407227","0.46186304092407227","0.46186304092407227","986","986","986"
"4455","0.47024192810058596","0.47024192810058596","0.47024192810058596","987","987","987"
"4460","0.48744401931762693","0.48744401931762693","0.48744401931762693","988","988","988"
"4465","0.5012709140777588","0.5012709140777588","0.5012709140777588","989","989","989"
"4470","0.45799574851989744","0.45799574851989744","0.45799574851989744","990","990","990"
"4475","0.48423991203308103","0.48423991203308103","0.48423991203308103","991","991","991"
"4480","0.4936212539672852","0.4936212539672852","0.4936212539672852","992","992","992"
"4485","0.4826479911804199","0.4826479911804199","0.4826479911804199","993","993","993"
"4490","0.5027013778686523","0.5027013778686523","0.5027013778686523","994","994","994"
"4495","0.4963944435119629","0.4963944435119629","0.4963944435119629","995","995","995"
"4500","0.4828070640563965","0.4828070640563965","0.4828070640563965","997","997","997"
"4505","0.4747944355010986","0.4747944355010986","0.4747944355010986","998","998","998"
"4510","0.4981531620025635","0.4981531620025635","0.4981531620025635","999","999","999"
"4515","0.5171849727630615","0.5171849727630615","0.5171849727630615","1000","1000","1000"
"4520","0.5017638683319092","0.5017638683319092","0.5017638683319092","1001","1001","1001"
"4525","0.5155981540679931","0.5155981540679931","0.5155981540679931","1002","1002","1002"
"4530","0.46440587043762205","0.46440587043762205","0.46440587043762205","1003","1003","1003"
"4535","0.4944979190826416","0.4944979190826416","0.4944979190826416","1004","1004","1004"
"4540","0.49548888206481934","0.49548888206481934","0.49548888206481934","1005","1005","1005"
"4545","0.482973575592041","0.482973575592041","0.482973575592041","1006","1006","1006"
"4550","0.4767455577850342","0.4767455577850342","0.4767455577850342","1008","1008","1008"
"4555","0.5023264408111572","0.5023264408111572","0.5023264408111572","1009","1009","1009"
"4560","0.4998581886291504","0.4998581886291504","0.4998581886291504","1010","1010","1010"
"4565","0.5140187740325928","0.5140187740325928","0.5140187740325928","1011","1011","1011"
"4570","0.49088473320007325","0.49088473320007325","0.49088473320007325","1012","1012","1012"
"4575","0.4946248531341553","0.4946248531341553","0.4946248531341553","1013","1013","1013"
"4580","0.4733748435974121","0.4733748435974121","0.4733748435974121","1014","1014","1014"
"4585","0.4997697353363037","0.4997697353363037","0.4997697353363037","1015","1015","1015"
"4590","0.4832117557525635","0.4832117557525635","0.4832117557525635","1016","1016","1016"
"4595","0.5338189601898193","0.5338189601898193","0.5338189601898193","1017","1017","1017"
"4600","0.4830333232879639","0.4830333232879639","0.4830333232879639","1019","1019","1019"
"4605","0.49225797653198244","0.49225797653198244","0.49225797653198244","1020","1020","1020"
"4610","0.5422988414764405","0.5422988414764405","0.5422988414764405","1021","1021","1021"
"4615","0.4895751953125","0.4895751953125","0.4895751953125","1022","1022","1022"
"4620","0.49435887336730955","0.49435887336730955","0.49435887336730955","1023","1023","1023"
"4625","0.44835786819458007","0.44835786819458007","0.44835786819458007","1024","1024","1024"
"4630","0.5389365673065185","0.5389365673065185","0.5389365673065185","1025","1025","1025"
"4635","0.48687214851379396","0.48687214851379396","0.48687214851379396","1026","1026","1026"
"4640","0.4563751220703125","0.4563751220703125","0.4563751220703125","1027","1027","1027"
"4645","0.5137095928192139","0.5137095928192139","0.5137095928192139","1028","1028","1028"
"4650","0.5355821132659913","0.5355821132659913","0.5355821132659913","1030","1030","1030"
"4655","0.46508111953735354","0.46508111953735354","0.46508111953735354","1031","1031","1031"
"4660","0.4903548240661621","0.4903548240661621","0.4903548240661621","1032","1032","1032"
"4665","0.4812044143676758","0.4812044143676758","0.4812044143676758","1033","1033","1033"
"4670","0.5104392051696778","0.5104392051696778","0.5104392051696778","1034","1034","1034"
"4675","0.4865861415863037","0.4865861415863037","0.4865861415863037","1035","1035","1035"
"4680","0.49435768127441404","0.49435768127441404","0.49435768127441404","1036","1036","1036"
"4685","0.5184031009674073","0.5184031009674073","0.5184031009674073","1037","1037","1037"
"4690","0.5016231060028076","0.5016231060028076","0.5016231060028076","1038","1038","1038"
"4695","0.48905272483825685","0.48905272483825685","0.48905272483825685","1039","1039","1039"
"4700","0.4862405300140381","0.4862405300140381","0.4862405300140381","1041","1041","1041"
"4705","0.47991552352905276","0.47991552352905276","0.47991552352905276","1042","1042","1042"
"4710","0.49484028816223147","0.49484028816223147","0.49484028816223147","1043","1043","1043"
"4715","0.4429290294647217","0.4429290294647217","0.4429290294647217","1044","1044","1044"
"4720","0.4991596221923828","0.4991596221923828","0.4991596221923828","1045","1045","1045"
"4725","0.4811380863189697","0.4811380863189697","0.4811380863189697","1046","1046","1046"
"4730","0.4690298557281494","0.4690298557281494","0.4690298557281494","1047","1047","1047"
"4735","0.49700131416320803","0.49700131416320803","0.49700131416320803","1048","1048","1048"
"4740","0.47871599197387693","0.47871599197387693","0.47871599197387693","1049","1049","1049"
"4745","0.5011022567749024","0.5011022567749024","0.5011022567749024","1050","1050","1050"
"4750","0.4892327308654785","0.4892327308654785","0.4892327308654785","1052","1052","1052"
"4755","0.45461039543151854","0.45461039543151854","0.45461039543151854","1053","1053","1053"
"4760","0.4657874584197998","0.4657874584197998","0.4657874584197998","1054","1054","1054"
"4765","0.5012684345245362","0.5012684345245362","0.5012684345245362","1055","1055","1055"
"4770","0.4535727024078369","0.4535727024078369","0.4535727024078369","1056","1056","1056"
"4775","0.5022634029388428","0.5022634029388428","0.5022634029388428","1057","1057","1057"
"4780","0.48354253768920896","0.48354253768920896","0.48354253768920896","1058","1058","1058"
"4785","0.486312198638916","0.486312198638916","0.486312198638916","1059","1059","1059"
"4790","0.49961323738098146","0.49961323738098146","0.49961323738098146","1060","1060","1060"
"4795","0.48532752990722655","0.48532752990722655","0.48532752990722655","1061","1061","1061"
"4800","0.46349849700927737","0.46349849700927737","0.46349849700927737","1063","1063","1063"
"4805","0.49335379600524903","0.49335379600524903","0.49335379600524903","1064","1064","1064"
"4810","0.4804059028625488","0.4804059028625488","0.4804059028625488","1065","1065","1065"
"4815","0.4806718349456787","0.4806718349456787","0.4806718349456787","1066","1066","1066"
"4820","0.5049378871917725","0.5049378871917725","0.5049378871917725","1067","1067","1067"
"4825","0.5117403984069824","0.5117403984069824","0.5117403984069824","1068","1068","1068"
"4830","0.4850930213928223","0.4850930213928223","0.4850930213928223","1069","1069","1069"
"4835","0.5175206184387207","0.5175206184387207","0.5175206184387207","1070","1070","1070"
"4840","0.4661391258239746","0.4661391258239746","0.4661391258239746","1071","1071","1071"
"4845","0.4839613437652588","0.4839613437652588","0.4839613437652588","1072","1072","1072"
"4850","0.48514552116394044","0.48514552116394044","0.48514552116394044","1074","1074","1074"
"4855","0.4928070068359375","0.4928070068359375","0.4928070068359375","1075","1075","1075"
"4860","0.46047139167785645","0.46047139167785645","0.46047139167785645","1076","1076","1076"
"4865","0.46644768714904783","0.46644768714904783","0.46644768714904783","1077","1077","1077"
"4870","0.514537763595581","0.514537763595581","0.514537763595581","1078","1078","1078"
"4875","0.4670621395111084","0.4670621395111084","0.4670621395111084","1079","1079","1079"
"4880","0.4941070556640625","0.4941070556640625","0.4941070556640625","1080","1080","1080"
"4885","0.5148162841796875","0.5148162841796875","0.5148162841796875","1081","1081","1081"
"4890","0.44701619148254396","0.44701619148254396","0.44701619148254396","1082","1082","1082"
"4895","0.475022554397583","0.475022554397583","0.475022554397583","1083","1083","1083"
"4900","0.45367231369018557","0.45367231369018557","0.45367231369018557","1085","1085","1085"
"4905","0.4859574794769287","0.4859574794769287","0.4859574794769287","1086","1086","1086"
"4910","0.5011051654815674","0.5011051654815674","0.5011051654815674","1087","1087","1087"
"4915","0.4802215099334717","0.4802215099334717","0.4802215099334717","1088","1088","1088"
"4920","0.4990415096282959","0.4990415096282959","0.4990415096282959","1089","1089","1089"
"4925","0.5315297603607178","0.5315297603607178","0.5315297603607178","1090","1090","1090"
"4930","0.49195280075073244","0.49195280075073244","0.49195280075073244","1091","1091","1091"
"4935","0.4679758548736572","0.4679758548736572","0.4679758548736572","1092","1092","1092"
"4940","0.47539167404174804","0.47539167404174804","0.47539167404174804","1093","1093","1093"
"4945","0.49711289405822756","0.49711289405822756","0.49711289405822756","1094","1094","1094"
"4950","0.45038580894470215","0.45038580894470215","0.45038580894470215","1096","1096","1096"
"4955","0.4919640064239502","0.4919640064239502","0.4919640064239502","1097","1097","1097"
"4960","0.48451600074768064","0.48451600074768064","0.48451600074768064","1098","1098","1098"
"4965","0.5024545192718506","0.5024545192718506","0.5024545192718506","1099","1099","1099"
"4970","0.5330352783203125","0.5330352783203125","0.5330352783203125","1100","1100","1100"
"4975","0.44937801361083984","0.44937801361083984","0.44937801361083984","1101","1101","1101"
"4980","0.4963230133056641","0.4963230133056641","0.4963230133056641","1102","1102","1102"
"4985","0.5216979503631591","0.5216979503631591","0.5216979503631591","1103","1103","1103"
"4990","0.517612361907959","0.517612361907959","0.517612361907959","1104","1104","1104"
"4995","0.49176459312438964","0.49176459312438964","0.49176459312438964","1105","1105","1105"
"5000","0.49462141990661623","0.49462141990661623","0.49462141990661623","1107","1107","1107"
"5005","0.4721334934234619","0.4721334934234619","0.4721334934234619","1109","1109","1109"
"5010","0.49096126556396485","0.49096126556396485","0.49096126556396485","1110","1110","1110"
"5015","0.46284914016723633","0.46284914016723633","0.46284914016723633","1111","1111","1111"
"5020","0.4651188850402832","0.4651188850402832","0.4651188850402832","1112","1112","1112"
"5025","0.4952603816986084","0.4952603816986084","0.4952603816986084","1113","1113","1113"
"5030","0.5256618976593017","0.5256618976593017","0.5256618976593017","1114","1114","1114"
"5035","0.46067538261413576","0.46067538261413576","0.46067538261413576","1115","1115","1115"
"5040","0.4908140659332275","0.4908140659332275","0.4908140659332275","1116","1116","1116"
"5045","0.5066827774047852","0.5066827774047852","0.5066827774047852","1117","1117","1117"
"5050","0.4726101875305176","0.4726101875305176","0.4726101875305176","1119","1119","1119"
"5055","0.49928841590881345","0.49928841590881345","0.49928841590881345","1120","1120","1120"
"5060","0.4612300395965576","0.4612300395965576","0.4612300395965576","1121","1121","1121"
"5065","0.4822533130645752","0.4822533130645752","0.4822533130645752","1122","1122","1122"
"5070","0.4452647686004639","0.4452647686004639","0.4452647686004639","1123","1123","1123"
"5075","0.463106632232666","0.463106632232666","0.463106632232666","1124","1124","1124"
"5080","0.4766571044921875","0.4766571044921875","0.4766571044921875","1125","1125","1125"
"5085","0.48282642364501954","0.48282642364501954","0.48282642364501954","1126","1126","1126"
"5090","0.46196861267089845","0.46196861267089845","0.46196861267089845","1127","1127","1127"
"5095","0.48691892623901367","0.48691892623901367","0.48691892623901367","1128","1128","1128"
"5100","0.49412965774536133","0.49412965774536133","0.49412965774536133","1130","1130","1130"
"5105","0.47547640800476076","0.47547640800476076","0.47547640800476076","1131","1131","1131"
"5110","0.5079927921295166","0.5079927921295166","0.5079927921295166","1132","1132","1132"
"5115","0.4917141437530518","0.4917141437530518","0.4917141437530518","1133","1133","1133"
"5120","0.46184353828430175","0.46184353828430175","0.46184353828430175","1134","1134","1134"
"5125","0.44039525985717776","0.44039525985717776","0.44039525985717776","1135","1135","1135"
"5130","0.4871079921722412","0.4871079921722412","0.4871079921722412","1136","1136","1136"
"5135","0.48621296882629395","0.48621296882629395","0.48621296882629395","1137","1137","1137"
"5140","0.5186060428619385","0.5186060428619385","0.5186060428619385","1138","1138","1138"
"5145","0.49828672409057617","0.49828672409057617","0.49828672409057617","1139","1139","1139"
"5150","0.46521773338317873","0.46521773338317873","0.46521773338317873","1141","1141","1141"
"5155","0.5158534049987793","0.5158534049987793","0.5158534049987793","1142","1142","1142"
"5160","0.48064165115356444","0.48064165115356444","0.48064165115356444","1143","1143","1143"
"5165","0.46210851669311526","0.46210851669311526","0.46210851669311526","1144","1144","1144"
"5170","0.4404055118560791","0.4404055118560791","0.4404055118560791","1145","1145","1145"
"5175","0.42910284996032716","0.42910284996032716","0.42910284996032716","1146","1146","1146"
"5180","0.5051124095916748","0.5051124095916748","0.5051124095916748","1147","1147","1147"
"5185","0.4716017723083496","0.4716017723083496","0.4716017723083496","1148","1148","1148"
"5190","0.4958182811737061","0.4958182811737061","0.4958182811737061","1149","1149","1149"
"5195","0.445451021194458","0.445451021194458","0.445451021194458","1150","1150","1150"
"5200","0.47984137535095217","0.47984137535095217","0.47984137535095217","1152","1152","1152"
"5205","0.49145026206970216","0.49145026206970216","0.49145026206970216","1153","1153","1153"
"5210","0.5036208629608154","0.5036208629608154","0.5036208629608154","1154","1154","1154"
"5215","0.4364177227020264","0.4364177227020264","0.4364177227020264","1155","1155","1155"
"5220","0.4755257606506348","0.4755257606506348","0.4755257606506348","1156","1156","1156"
"5225","0.5124706745147705","0.5124706745147705","0.5124706745147705","1157","1157","1157"
"5230","0.49354214668273927","0.49354214668273927","0.49354214668273927","1158","1158","1158"
"5235","0.46138567924499513","0.46138567924499513","0.46138567924499513","1159","1159","1159"
"5240","0.44083828926086427","0.44083828926086427","0.44083828926086427","1160","1160","1160"
"5245","0.4620503902435303","0.4620503902435303","0.4620503902435303","1161","1161","1161"
"5250","0.501965856552124","0.501965856552124","0.501965856552124","1163","1163","1163"
"5255","0.4927031993865967","0.4927031993865967","0.4927031993865967","1164","1164","1164"
"5260","0.48527979850769043","0.48527979850769043","0.48527979850769043","1165","1165","1165"
"5265","0.4706489086151123","0.4706489086151123","0.4706489086151123","1166","1166","1166"
"5270","0.4718027114868164","0.4718027114868164","0.4718027114868164","1167","1167","1167"
"5275","0.49224085807800294","0.49224085807800294","0.49224085807800294","1168","1168","1168"
"5280","0.49443564414978025","0.49443564414978025","0.49443564414978025","1169","1169","1169"
"5285","0.5317824840545654","0.5317824840545654","0.5317824840545654","1170","1170","1170"
"5290","0.5127589225769043","0.5127589225769043","0.5127589225769043","1171","1171","1171"
"5295","0.48734326362609864","0.48734326362609864","0.48734326362609864","1172","1172","1172"
"5300","0.4491677761077881","0.4491677761077881","0.4491677761077881","1174","1174","1174"
"5305","0.4477842807769775","0.4477842807769775","0.4477842807769775","1175","1175","1175"
"5310","0.439637565612793","0.439637565612793","0.439637565612793","1176","1176","1176"
"5315","0.49701509475708006","0.49701509475708006","0.49701509475708006","1177","1177","1177"
"5320","0.48668212890625","0.48668212890625","0.48668212890625","1178","1178","1178"
"5325","0.47536072731018064","0.47536072731018064","0.47536072731018064","1179","1179","1179"
"5330","0.4902155876159668","0.4902155876159668","0.4902155876159668","1180","1180","1180"
"5335","0.4747310638427734","0.4747310638427734","0.4747310638427734","1181","1181","1181"
"5340","0.4596443176269531","0.4596443176269531","0.4596443176269531","1182","1182","1182"
"5345","0.49399394989013673","0.49399394989013673","0.49399394989013673","1183","1183","1183"
"5350","0.45993518829345703","0.45993518829345703","0.45993518829345703","1185","1185","1185"
"5355","0.4663714408874512","0.4663714408874512","0.4663714408874512","1186","1186","1186"
"5360","0.49875574111938475","0.49875574111938475","0.49875574111938475","1187","1187","1187"
"5365","0.5221261501312255","0.5221261501312255","0.5221261501312255","1188","1188","1188"
"5370","0.4618799686431885","0.4618799686431885","0.4618799686431885","1189","1189","1189"
"5375","0.4970463752746582","0.4970463752746582","0.4970463752746582","1190","1190","1190"
"5380","0.4580845832824707","0.4580845832824707","0.4580845832824707","1191","1191","1191"
"5385","0.47147459983825685","0.47147459983825685","0.47147459983825685","1192","1192","1192"
"5390","0.457290506362915","0.457290506362915","0.457290506362915","1193","1193","1193"
"5395","0.46409006118774415","0.46409006118774415","0.46409006118774415","1194","1194","1194"
"5400","0.42382063865661623","0.42382063865661623","0.42382063865661623","1196","1196","1196"
"5405","0.5238796234130859","0.5238796234130859","0.5238796234130859","1197","1197","1197"
"5410","0.4919305324554443","0.4919305324554443","0.4919305324554443","1198","1198","1198"
"5415","0.5019571781158447","0.5019571781158447","0.5019571781158447","1199","1199","1199"
"5420","0.5055358409881592","0.5055358409881592","0.5055358409881592","1200","1200","1200"
"5425","0.46128435134887696","0.46128435134887696","0.46128435134887696","1201","1201","1201"
"5430","0.44930100440979004","0.44930100440979004","0.44930100440979004","1202","1202","1202"
"5435","0.46359858512878416","0.46359858512878416","0.46359858512878416","1203","1203","1203"
"5440","0.4897482395172119","0.4897482395172119","0.4897482395172119","1204","1204","1204"
"5445","0.47685418128967283","0.47685418128967283","0.47685418128967283","1205","1205","1205"
"5450","0.46704630851745604","0.46704630851745604","0.46704630851745604","1207","1207","1207"
"5455","0.47929997444152833","0.47929997444152833","0.47929997444152833","1208","1208","1208"
"5460","0.4602680206298828","0.4602680206298828","0.4602680206298828","1209","1209","1209"
"5465","0.4954226016998291","0.4954226016998291","0.4954226016998291","1210","1210","1210"
"5470","0.46245484352111815","0.46245484352111815","0.46245484352111815","1211","1211","1211"
"5475","0.43520822525024416","0.43520822525024416","0.43520822525024416","1212","1212","1212"
"5480","0.45960407257080077","0.45960407257080077","0.45960407257080077","1213","1213","1213"
"5485","0.4643842697143555","0.4643842697143555","0.4643842697143555","1214","1214","1214"
"5490","0.46629581451416013","0.46629581451416013","0.46629581451416013","1215","1215","1215"
"5495","0.4788020610809326","0.4788020610809326","0.4788020610809326","1216","1216","1216"
"5500","0.4965348243713379","0.4965348243713379","0.4965348243713379","1218","1218","1218"
"5505","0.44368896484375","0.44368896484375","0.44368896484375","1219","1219","1219"
"5510","0.4499626636505127","0.4499626636505127","0.4499626636505127","1220","1220","1220"
"5515","0.4602813720703125","0.4602813720703125","0.4602813720703125","1221","1221","1221"
"5520","0.4462433338165283","0.4462433338165283","0.4462433338165283","1222","1222","1222"
"5525","0.4869053840637207","0.4869053840637207","0.4869053840637207","1223","1223","1223"
"5530","0.4612562656402588","0.4612562656402588","0.4612562656402588","1224","1224","1224"
"5535","0.45588998794555663","0.45588998794555663","0.45588998794555663","1225","1225","1225"
"5540","0.4353902339935303","0.4353902339935303","0.4353902339935303","1226","1226","1226"
"5545","0.47784152030944826","0.47784152030944826","0.47784152030944826","1227","1227","1227"
"5550","0.4715458869934082","0.4715458869934082","0.4715458869934082","1229","1229","1229"
"5555","0.4950291633605957","0.4950291633605957","0.4950291633605957","1230","1230","1230"
"5560","0.4779958248138428","0.4779958248138428","0.4779958248138428","1231","1231","1231"
"5565","0.44862051010131837","0.44862051010131837","0.44862051010131837","1232","1232","1232"
"5570","0.43416948318481446","0.43416948318481446","0.43416948318481446","1233","1233","1233"
"5575","0.46632561683654783","0.46632561683654783","0.46632561683654783","1234","1234","1234"
"5580","0.4964620113372803","0.4964620113372803","0.4964620113372803","1235","1235","1235"
"5585","0.48546152114868163","0.48546152114868163","0.48546152114868163","1236","1236","1236"
"5590","0.4850482940673828","0.4850482940673828","0.4850482940673828","1237","1237","1237"
"5595","0.4768665313720703","0.4768665313720703","0.4768665313720703","1238","1238","1238"
"5600","0.4832479953765869","0.4832479953765869","0.4832479953765869","1240","1240","1240"
"5605","0.48183498382568357","0.48183498382568357","0.48183498382568357","1241","1241","1241"
"5610","0.4934860706329346","0.4934860706329346","0.4934860706329346","1242","1242","1242"
"5615","0.48658528327941897","0.48658528327941897","0.48658528327941897","1243","1243","1243"
"5620","0.4870744228363037","0.4870744228363037","0.4870744228363037","1244","1244","1244"
"5625","0.49664483070373533","0.49664483070373533","0.49664483070373533","1245","1245","1245"
"5630","0.4523017406463623","0.4523017406463623","0.4523017406463623","1246","1246","1246"
"5635","0.44945564270019533","0.44945564270019533","0.44945564270019533","1247","1247","1247"
"5640","0.4480157375335693","0.4480157375335693","0.4480157375335693","1248","1248","1248"
"5645","0.42932968139648436","0.42932968139648436","0.42932968139648436","1249","1249","1249"
"5650","0.4756293773651123","0.4756293773651123","0.4756293773651123","1251","1251","1251"
"5655","0.4512031078338623","0.4512031078338623","0.4512031078338623","1252","1252","1252"
"5660","0.44127163887023924","0.44127163887023924","0.44127163887023924","1253","1253","1253"
"5665","0.47145447731018064","0.47145447731018064","0.47145447731018064","1254","1254","1254"
"5670","0.45626306533813477","0.45626306533813477","0.45626306533813477","1255","1255","1255"
"5675","0.447310209274292","0.447310209274292","0.447310209274292","1256","1256","1256"
"5680","0.43834919929504396","0.43834919929504396","0.43834919929504396","1257","1257","1257"
"5685","0.4579282760620117","0.4579282760620117","0.4579282760620117","1258","1258","1258"
"5690","0.4643002986907959","0.4643002986907959","0.4643002986907959","1259","1259","1259"
"5695","0.4624129295349121","0.4624129295349121","0.4624129295349121","1260","1260","1260"
"5700","0.45722436904907227","0.45722436904907227","0.45722436904907227","1262","1262","1262"
"5705","0.47311625480651853","0.47311625480651853","0.47311625480651853","1263","1263","1263"
"5710","0.47751684188842775","0.47751684188842775","0.47751684188842775","1264","1264","1264"
"5715","0.45533294677734376","0.45533294677734376","0.45533294677734376","1265","1265","1265"
"5720","0.471842622756958","0.471842622756958","0.471842622756958","1266","1266","1266"
"5725","0.4719283103942871","0.4719283103942871","0.4719283103942871","1267","1267","1267"
"5730","0.4927018642425537","0.4927018642425537","0.4927018642425537","1268","1268","1268"
"5735","0.48020048141479493","0.48020048141479493","0.48020048141479493","1269","1269","1269"
"5740","0.45087261199951173","0.45087261199951173","0.45087261199951173","1270","1270","1270"
"5745","0.44440517425537107","0.44440517425537107","0.44440517425537107","1271","1271","1271"
"5750","0.46771240234375","0.46771240234375","0.46771240234375","1273","1273","1273"
"5755","0.4750513553619385","0.4750513553619385","0.4750513553619385","1274","1274","1274"
"5760","0.47737550735473633","0.47737550735473633","0.47737550735473633","1275","1275","1275"
"5765","0.46329340934753416","0.46329340934753416","0.46329340934753416","1276","1276","1276"
"5770","0.4540452480316162","0.4540452480316162","0.4540452480316162","1277","1277","1277"
"5775","0.48607964515686036","0.48607964515686036","0.48607964515686036","1278","1278","1278"
"5780","0.4442594051361084","0.4442594051361084","0.4442594051361084","1279","1279","1279"
"5785","0.438627290725708","0.438627290725708","0.438627290725708","1280","1280","1280"
"5790","0.4640529155731201","0.4640529155731201","0.4640529155731201","1281","1281","1281"
"5795","0.4918387413024902","0.4918387413024902","0.4918387413024902","1282","1282","1282"
"5800","0.4446629524230957","0.4446629524230957","0.4446629524230957","1284","1284","1284"
"5805","0.4593094825744629","0.4593094825744629","0.4593094825744629","1285","1285","1285"
"5810","0.4242051601409912","0.4242051601409912","0.4242051601409912","1286","1286","1286"
"5815","0.4421816349029541","0.4421816349029541","0.4421816349029541","1287","1287","1287"
"5820","0.4590348243713379","0.4590348243713379","0.4590348243713379","1288","1288","1288"
"5825","0.48244781494140626","0.48244781494140626","0.48244781494140626","1289","1289","1289"
"5830","0.49259157180786134","0.49259157180786134","0.49259157180786134","1290","1290","1290"
"5835","0.4407333850860596","0.4407333850860596","0.4407333850860596","1291","1291","1291"
"5840","0.45063486099243166","0.45063486099243166","0.45063486099243166","1292","1292","1292"
"5845","0.49265346527099607","0.49265346527099607","0.49265346527099607","1293","1293","1293"
"5850","0.48591976165771483","0.48591976165771483","0.48591976165771483","1295","1295","1295"
"5855","0.5066381931304932","0.5066381931304932","0.5066381931304932","1296","1296","1296"
"5860","0.47998723983764646","0.47998723983764646","0.47998723983764646","1297","1297","1297"
"5865","0.45189728736877444","0.45189728736877444","0.45189728736877444","1298","1298","1298"
"5870","0.4481393814086914","0.4481393814086914","0.4481393814086914","1299","1299","1299"
"5875","0.4337601184844971","0.4337601184844971","0.4337601184844971","1300","1300","1300"
"5880","0.4981672763824463","0.4981672763824463","0.4981672763824463","1301","1301","1301"
"5885","0.466262149810791","0.466262149810791","0.466262149810791","1302","1302","1302"
"5890","0.44974675178527834","0.44974675178527834","0.44974675178527834","1303","1303","1303"
"5895","0.4380470275878906","0.4380470275878906","0.4380470275878906","1304","1304","1304"
"5900","0.44326004981994627","0.44326004981994627","0.44326004981994627","1306","1306","1306"
"5905","0.46192326545715334","0.46192326545715334","0.46192326545715334","1307","1307","1307"
"5910","0.47642245292663576","0.47642245292663576","0.47642245292663576","1308","1308","1308"
"5915","0.451508092880249","0.451508092880249","0.451508092880249","1309","1309","1309"
"5920","0.46506557464599607","0.46506557464599607","0.46506557464599607","1310","1310","1310"
"5925","0.4450525283813477","0.4450525283813477","0.4450525283813477","1311","1311","1311"
"5930","0.44089832305908205","0.44089832305908205","0.44089832305908205","1312","1312","1312"
"5935","0.4429469108581543","0.4429469108581543","0.4429469108581543","1313","1313","1313"
"5940","0.46630377769470216","0.46630377769470216","0.46630377769470216","1314","1314","1314"
"5945","0.4344757556915283","0.4344757556915283","0.4344757556915283","1315","1315","1315"
"5950","0.43953933715820315","0.43953933715820315","0.43953933715820315","1317","1317","1317"
"5955","0.495271635055542","0.495271635055542","0.495271635055542","1318","1318","1318"
"5960","0.4282033443450928","0.4282033443450928","0.4282033443450928","1319","1319","1319"
"5965","0.5031402587890625","0.5031402587890625","0.5031402587890625","1320","1320","1320"
"5970","0.44534101486206057","0.44534101486206057","0.44534101486206057","1321","1321","1321"
"5975","0.45551557540893556","0.45551557540893556","0.45551557540893556","1322","1322","1322"
"5980","0.46532435417175294","0.46532435417175294","0.46532435417175294","1323","1323","1323"
"5985","0.4574990749359131","0.4574990749359131","0.4574990749359131","1324","1324","1324"
"5990","0.4283273696899414","0.4283273696899414","0.4283273696899414","1325","1325","1325"
"5995","0.45583605766296387","0.45583605766296387","0.45583605766296387","1326","1326","1326"
"6000","0.4245908260345459","0.4245908260345459","0.4245908260345459","1328","1328","1328"
"6005","0.4744689464569092","0.4744689464569092","0.4744689464569092","1330","1330","1330"
"6010","0.45043530464172366","0.45043530464172366","0.45043530464172366","1331","1331","1331"
"6015","0.45871734619140625","0.45871734619140625","0.45871734619140625","1332","1332","1332"
"6020","0.42300992012023925","0.42300992012023925","0.42300992012023925","1333","1333","1333"
"6025","0.44033079147338866","0.44033079147338866","0.44033079147338866","1334","1334","1334"
"6030","0.4623119831085205","0.4623119831085205","0.4623119831085205","1335","1335","1335"
"6035","0.4498602867126465","0.4498602867126465","0.4498602867126465","1336","1336","1336"
"6040","0.5065023899078369","0.5065023899078369","0.5065023899078369","1337","1337","1337"
"6045","0.4839076042175293","0.4839076042175293","0.4839076042175293","1338","1338","1338"
"6050","0.4810903072357178","0.4810903072357178","0.4810903072357178","1340","1340","1340"
"6055","0.4470484733581543","0.4470484733581543","0.4470484733581543","1341","1341","1341"
"6060","0.45638132095336914","0.45638132095336914","0.45638132095336914","1342","1342","1342"
"6065","0.4745648860931396","0.4745648860931396","0.4745648860931396","1343","1343","1343"
"6070","0.4281564712524414","0.4281564712524414","0.4281564712524414","1344","1344","1344"
"6075","0.46339998245239256","0.46339998245239256","0.46339998245239256","1345","1345","1345"
"6080","0.4507740020751953","0.4507740020751953","0.4507740020751953","1346","1346","1346"
"6085","0.46368021965026857","0.46368021965026857","0.46368021965026857","1347","1347","1347"
"6090","0.4311967372894287","0.4311967372894287","0.4311967372894287","1348","1348","1348"
"6095","0.4917778491973877","0.4917778491973877","0.4917778491973877","1349","1349","1349"
"6100","0.45487141609191895","0.45487141609191895","0.45487141609191895","1351","1351","1351"
"6105","0.4780147075653076","0.4780147075653076","0.4780147075653076","1352","1352","1352"
"6110","0.4296439170837402","0.4296439170837402","0.4296439170837402","1353","1353","1353"
"6115","0.4731008529663086","0.4731008529663086","0.4731008529663086","1354","1354","1354"
"6120","0.43723354339599607","0.43723354339599607","0.43723354339599607","1355","1355","1355"
"6125","0.47916369438171386","0.47916369438171386","0.47916369438171386","1356","1356","1356"
"6130","0.4314058780670166","0.4314058780670166","0.4314058780670166","1357","1357","1357"
"6135","0.48343729972839355","0.48343729972839355","0.48343729972839355","1358","1358","1358"
"6140","0.46511316299438477","0.46511316299438477","0.46511316299438477","1359","1359","1359"
"6145","0.45284557342529297","0.45284557342529297","0.45284557342529297","1360","1360","1360"
"6150","0.42870678901672366","0.42870678901672366","0.42870678901672366","1362","1362","1362"
"6155","0.47810211181640627","0.47810211181640627","0.47810211181640627","1363","1363","1363"
"6160","0.45165324211120605","0.45165324211120605","0.45165324211120605","1364","1364","1364"
"6165","0.417933988571167","0.417933988571167","0.417933988571167","1365","1365","1365"
"6170","0.4830134391784668","0.4830134391784668","0.4830134391784668","1366","1366","1366"
"6175","0.4547236919403076","0.4547236919403076","0.4547236919403076","1367","1367","1367"
"6180","0.44831113815307616","0.44831113815307616","0.44831113815307616","1368","1368","1368"
"6185","0.45404691696166993","0.45404691696166993","0.45404691696166993","1369","1369","1369"
"6190","0.47803897857666017","0.47803897857666017","0.47803897857666017","1370","1370","1370"
"6195","0.43703675270080566","0.43703675270080566","0.43703675270080566","1371","1371","1371"
"6200","0.4596107959747314","0.4596107959747314","0.4596107959747314","1373","1373","1373"
"6205","0.4531209945678711","0.4531209945678711","0.4531209945678711","1374","1374","1374"
"6210","0.44712109565734864","0.44712109565734864","0.44712109565734864","1375","1375","1375"
"6215","0.43222770690917967","0.43222770690917967","0.43222770690917967","1376","1376","1376"
"6220","0.4792060375213623","0.4792060375213623","0.4792060375213623","1377","1377","1377"
"6225","0.45283803939819334","0.45283803939819334","0.45283803939819334","1378","1378","1378"
"6230","0.46504669189453124","0.46504669189453124","0.46504669189453124","1379","1379","1379"
"6235","0.48516168594360354","0.48516168594360354","0.48516168594360354","1380","1380","1380"
"6240","0.4723447322845459","0.4723447322845459","0.4723447322845459","1381","1381","1381"
"6245","0.48764524459838865","0.48764524459838865","0.48764524459838865","1382","1382","1382"
"6250","0.4588021278381348","0.4588021278381348","0.4588021278381348","1384","1384","1384"
"6255","0.4582523345947266","0.4582523345947266","0.4582523345947266","1385","1385","1385"
"6260","0.4662462711334229","0.4662462711334229","0.4662462711334229","1386","1386","1386"
"6265","0.4342483043670654","0.4342483043670654","0.4342483043670654","1387","1387","1387"
"6270","0.447676944732666","0.447676944732666","0.447676944732666","1388","1388","1388"
"6275","0.46135988235473635","0.46135988235473635","0.46135988235473635","1389","1389","1389"
"6280","0.4581338882446289","0.4581338882446289","0.4581338882446289","1390","1390","1390"
"6285","0.4406002998352051","0.4406002998352051","0.4406002998352051","1391","1391","1391"
"6290","0.4745666027069092","0.4745666027069092","0.4745666027069092","1392","1392","1392"
"6295","0.4747744560241699","0.4747744560241699","0.4747744560241699","1393","1393","1393"
"6300","0.43525352478027346","0.43525352478027346","0.43525352478027346","1395","1395","1395"
"6305","0.4454617500305176","0.4454617500305176","0.4454617500305176","1396","1396","1396"
"6310","0.4306493759155273","0.4306493759155273","0.4306493759155273","1397","1397","1397"
"6315","0.4465226650238037","0.4465226650238037","0.4465226650238037","1398","1398","1398"
"6320","0.4481671810150146","0.4481671810150146","0.4481671810150146","1399","1399","1399"
"6325","0.45182647705078127","0.45182647705078127","0.45182647705078127","1400","1400","1400"
"6330","0.4050495147705078","0.4050495147705078","0.4050495147705078","1401","1401","1401"
"6335","0.4628866195678711","0.4628866195678711","0.4628866195678711","1402","1402","1402"
"6340","0.45543947219848635","0.45543947219848635","0.45543947219848635","1403","1403","1403"
"6345","0.44654207229614257","0.44654207229614257","0.44654207229614257","1404","1404","1404"
"6350","0.44853763580322265","0.44853763580322265","0.44853763580322265","1406","1406","1406"
"6355","0.45886592864990233","0.45886592864990233","0.45886592864990233","1407","1407","1407"
"6360","0.4619572639465332","0.4619572639465332","0.4619572639465332","1408","1408","1408"
"6365","0.43026437759399416","0.43026437759399416","0.43026437759399416","1409","1409","1409"
"6370","0.45950942039489745","0.45950942039489745","0.45950942039489745","1410","1410","1410"
"6375","0.43822245597839354","0.43822245597839354","0.43822245597839354","1411","1411","1411"
"6380","0.4398585319519043","0.4398585319519043","0.4398585319519043","1412","1412","1412"
"6385","0.45104384422302246","0.45104384422302246","0.45104384422302246","1413","1413","1413"
"6390","0.4738814353942871","0.4738814353942871","0.4738814353942871","1414","1414","1414"
"6395","0.4796622276306152","0.4796622276306152","0.4796622276306152","1415","1415","1415"
"6400","0.45291790962219236","0.45291790962219236","0.45291790962219236","1417","1417","1417"
"6405","0.4323314666748047","0.4323314666748047","0.4323314666748047","1418","1418","1418"
"6410","0.44172072410583496","0.44172072410583496","0.44172072410583496","1419","1419","1419"
"6415","0.445149564743042","0.445149564743042","0.445149564743042","1420","1420","1420"
"6420","0.4108975887298584","0.4108975887298584","0.4108975887298584","1421","1421","1421"
"6425","0.42635464668273926","0.42635464668273926","0.42635464668273926","1422","1422","1422"
"6430","0.4517695426940918","0.4517695426940918","0.4517695426940918","1423","1423","1423"
"6435","0.4105377674102783","0.4105377674102783","0.4105377674102783","1424","1424","1424"
"6440","0.44964098930358887","0.44964098930358887","0.44964098930358887","1425","1425","1425"
"6445","0.48770976066589355","0.48770976066589355","0.48770976066589355","1426","1426","1426"
"6450","0.44965248107910155","0.44965248107910155","0.44965248107910155","1428","1428","1428"
"6455","0.44649038314819334","0.44649038314819334","0.44649038314819334","1429","1429","1429"
"6460","0.42407474517822263","0.42407474517822263","0.42407474517822263","1430","1430","1430"
"6465","0.4643000602722168","0.4643000602722168","0.4643000602722168","1431","1431","1431"
"6470","0.44274306297302246","0.44274306297302246","0.44274306297302246","1432","1432","1432"
"6475","0.44735026359558105","0.44735026359558105","0.44735026359558105","1433","1433","1433"
"6480","0.4360969543457031","0.4360969543457031","0.4360969543457031","1434","1434","1434"
"6485","0.4195128917694092","0.4195128917694092","0.4195128917694092","1435","1435","1435"
"6490","0.43853487968444826","0.43853487968444826","0.43853487968444826","1436","1436","1436"
"6495","0.43947205543518064","0.43947205543518064","0.43947205543518064","1437","1437","1437"
"6500","0.4502135753631592","0.4502135753631592","0.4502135753631592","1439","1439","1439"
"6505","0.4125709533691406","0.4125709533691406","0.4125709533691406","1440","1440","1440"
"6510","0.4381209373474121","0.4381209373474121","0.4381209373474121","1441","1441","1441"
"6515","0.44003000259399416","0.44003000259399416","0.44003000259399416","1442","1442","1442"
"6520","0.442287015914917","0.442287015914917","0.442287015914917","1443","1443","1443"
"6525","0.4101418972015381","0.4101418972015381","0.4101418972015381","1444","1444","1444"
"6530","0.4301865577697754","0.4301865577697754","0.4301865577697754","1445","1445","1445"
"6535","0.43140711784362795","0.43140711784362795","0.43140711784362795","1446","1446","1446"
"6540","0.4257542610168457","0.4257542610168457","0.4257542610168457","1447","1447","1447"
"6545","0.4592625141143799","0.4592625141143799","0.4592625141143799","1448","1448","1448"
"6550","0.43426804542541503","0.43426804542541503","0.43426804542541503","1450","1450","1450"
"6555","0.4746897220611572","0.4746897220611572","0.4746897220611572","1451","1451","1451"
"6560","0.45593914985656736","0.45593914985656736","0.45593914985656736","1452","1452","1452"
"6565","0.4449770927429199","0.4449770927429199","0.4449770927429199","1453","1453","1453"
"6570","0.4491254806518555","0.4491254806518555","0.4491254806518555","1454","1454","1454"
"6575","0.4264823436737061","0.4264823436737061","0.4264823436737061","1455","1455","1455"
"6580","0.41624865531921384","0.41624865531921384","0.41624865531921384","1456","1456","1456"
"6585","0.43132805824279785","0.43132805824279785","0.43132805824279785","1457","1457","1457"
"6590","0.4039474964141846","0.4039474964141846","0.4039474964141846","1458","1458","1458"
"6595","0.4463626861572266","0.4463626861572266","0.4463626861572266","1459","1459","1459"
"6600","0.45519418716430665","0.45519418716430665","0.45519418716430665","1461","1461","1461"
"6605","0.436949634552002","0.436949634552002","0.436949634552002","1462","1462","1462"
"6610","0.41109399795532225","0.41109399795532225","0.41109399795532225","1463","1463","1463"
"6615","0.4374682903289795","0.4374682903289795","0.4374682903289795","1464","1464","1464"
"6620","0.43150668144226073","0.43150668144226073","0.43150668144226073","1465","1465","1465"
"6625","0.4300076961517334","0.4300076961517334","0.4300076961517334","1466","1466","1466"
"6630","0.43993196487426756","0.43993196487426756","0.43993196487426756","1467","1467","1467"
"6635","0.4648622989654541","0.4648622989654541","0.4648622989654541","1468","1468","1468"
"6640","0.49198131561279296","0.49198131561279296","0.49198131561279296","1469","1469","1469"
"6645","0.4296553611755371","0.4296553611755371","0.4296553611755371","1470","1470","1470"
"6650","0.46447010040283204","0.46447010040283204","0.46447010040283204","1472","1472","1472"
"6655","0.44963946342468264","0.44963946342468264","0.44963946342468264","1473","1473","1473"
"6660","0.4436672210693359","0.4436672210693359","0.4436672210693359","1474","1474","1474"
"6665","0.4640542507171631","0.4640542507171631","0.4640542507171631","1475","1475","1475"
"6670","0.47437334060668945","0.47437334060668945","0.47437334060668945","1476","1476","1476"
"6675","0.4299741744995117","0.4299741744995117","0.4299741744995117","1477","1477","1477"
"6680","0.4505971908569336","0.4505971908569336","0.4505971908569336","1478","1478","1478"
"6685","0.4275338649749756","0.4275338649749756","0.4275338649749756","1479","1479","1479"
"6690","0.4739967346191406","0.4739967346191406","0.4739967346191406","1480","1480","1480"
"6695","0.4439863204956055","0.4439863204956055","0.4439863204956055","1481","1481","1481"
"6700","0.43282432556152345","0.43282432556152345","0.43282432556152345","1483","1483","1483"
"6705","0.4489747047424316","0.4489747047424316","0.4489747047424316","1484","1484","1484"
"6710","0.42582688331604","0.42582688331604","0.42582688331604","1485","1485","1485"
"6715","0.41729068756103516","0.41729068756103516","0.41729068756103516","1486","1486","1486"
"6720","0.42124176025390625","0.42124176025390625","0.42124176025390625","1487","1487","1487"
"6725","0.41474208831787107","0.41474208831787107","0.41474208831787107","1488","1488","1488"
"6730","0.43092966079711914","0.43092966079711914","0.43092966079711914","1489","1489","1489"
"6735","0.4558887481689453","0.4558887481689453","0.4558887481689453","1490","1490","1490"
"6740","0.437503719329834","0.437503719329834","0.437503719329834","1491","1491","1491"
"6745","0.4236236572265625","0.4236236572265625","0.4236236572265625","1492","1492","1492"
"6750","0.42769312858581543","0.42769312858581543","0.42769312858581543","1494","1494","1494"
"6755","0.4117936611175537","0.4117936611175537","0.4117936611175537","1495","1495","1495"
"6760","0.4206370830535889","0.4206370830535889","0.4206370830535889","1496","1496","1496"
"6765","0.44064903259277344","0.44064903259277344","0.44064903259277344","1497","1497","1497"
"6770","0.4361480712890625","0.4361480712890625","0.4361480712890625","1498","1498","1498"
"6775","0.40569148063659666","0.40569148063659666","0.40569148063659666","1499","1499","1499"
"6780","0.4391943454742432","0.4391943454742432","0.4391943454742432","1500","1500","1500"
"6785","0.44812579154968263","0.44812579154968263","0.44812579154968263","1501","1501","1501"
"6790","0.4517503261566162","0.4517503261566162","0.4517503261566162","1502","1502","1502"
"6795","0.41973419189453126","0.41973419189453126","0.41973419189453126","1503","1503","1503"
"6800","0.427013635635376","0.427013635635376","0.427013635635376","1505","1505","1505"
"6805","0.4241117000579834","0.4241117000579834","0.4241117000579834","1506","1506","1506"
"6810","0.4369971752166748","0.4369971752166748","0.4369971752166748","1507","1507","1507"
"6815","0.43433194160461425","0.43433194160461425","0.43433194160461425","1508","1508","1508"
"6820","0.4676191806793213","0.4676191806793213","0.4676191806793213","1509","1509","1509"
"6825","0.4284299373626709","0.4284299373626709","0.4284299373626709","1510","1510","1510"
"6830","0.443649435043335","0.443649435043335","0.443649435043335","1511","1511","1511"
"6835","0.4644496440887451","0.4644496440887451","0.4644496440887451","1512","1512","1512"
"6840","0.4220888614654541","0.4220888614654541","0.4220888614654541","1513","1513","1513"
"6845","0.45456295013427733","0.45456295013427733","0.45456295013427733","1514","1514","1514"
"6850","0.39823360443115235","0.39823360443115235","0.39823360443115235","1516","1516","1516"
"6855","0.45234527587890627","0.45234527587890627","0.45234527587890627","1517","1517","1517"
"6860","0.4404770851135254","0.4404770851135254","0.4404770851135254","1518","1518","1518"
"6865","0.41582541465759276","0.41582541465759276","0.41582541465759276","1519","1519","1519"
"6870","0.4180008888244629","0.4180008888244629","0.4180008888244629","1520","1520","1520"
"6875","0.426420259475708","0.426420259475708","0.426420259475708","1521","1521","1521"
"6880","0.4561322212219238","0.4561322212219238","0.4561322212219238","1522","1522","1522"
"6885","0.45400304794311525","0.45400304794311525","0.45400304794311525","1523","1523","1523"
"6890","0.46483898162841797","0.46483898162841797","0.46483898162841797","1524","1524","1524"
"6895","0.46000657081604","0.46000657081604","0.46000657081604","1525","1525","1525"
"6900","0.42335171699523927","0.42335171699523927","0.42335171699523927","1527","1527","1527"
"6905","0.413944149017334","0.413944149017334","0.413944149017334","1528","1528","1528"
"6910","0.44650955200195314","0.44650955200195314","0.44650955200195314","1529","1529","1529"
"6915","0.40215063095092773","0.40215063095092773","0.40215063095092773","1530","1530","1530"
"6920","0.40684733390808103","0.40684733390808103","0.40684733390808103","1531","1531","1531"
"6925","0.4611037731170654","0.4611037731170654","0.4611037731170654","1532","1532","1532"
"6930","0.4148512840270996","0.4148512840270996","0.4148512840270996","1533","1533","1533"
"6935","0.4261205196380615","0.4261205196380615","0.4261205196380615","1534","1534","1534"
"6940","0.44942283630371094","0.44942283630371094","0.44942283630371094","1535","1535","1535"
"6945","0.422450590133667","0.422450590133667","0.422450590133667","1536","1536","1536"
"6950","0.41806325912475584","0.41806325912475584","0.41806325912475584","1538","1538","1538"
"6955","0.42067384719848633","0.42067384719848633","0.42067384719848633","1539","1539","1539"
"6960","0.4705361366271973","0.4705361366271973","0.4705361366271973","1540","1540","1540"
"6965","0.44040508270263673","0.44040508270263673","0.44040508270263673","1541","1541","1541"
"6970","0.4345999240875244","0.4345999240875244","0.4345999240875244","1542","1542","1542"
"6975","0.4394257068634033","0.4394257068634033","0.4394257068634033","1543","1543","1543"
"6980","0.45882630348205566","0.45882630348205566","0.45882630348205566","1544","1544","1544"
"6985","0.3838632106781006","0.3838632106781006","0.3838632106781006","1545","1545","1545"
"6990","0.40283732414245604","0.40283732414245604","0.40283732414245604","1546","1546","1546"
"6995","0.4436525821685791","0.4436525821685791","0.4436525821685791","1547","1547","1547"
"7000","0.4540682315826416","0.4540682315826416","0.4540682315826416","1549","1549","1549"
"7005","0.40995497703552247","0.40995497703552247","0.40995497703552247","1551","1551","1551"
"7010","0.40018019676208494","0.40018019676208494","0.40018019676208494","1552","1552","1552"
"7015","0.43172225952148435","0.43172225952148435","0.43172225952148435","1553","1553","1553"
"7020","0.4148372173309326","0.4148372173309326","0.4148372173309326","1554","1554","1554"
"7025","0.4207298755645752","0.4207298755645752","0.4207298755645752","1555","1555","1555"
"7030","0.42110395431518555","0.42110395431518555","0.42110395431518555","1556","1556","1556"
"7035","0.43668289184570314","0.43668289184570314","0.43668289184570314","1557","1557","1557"
"7040","0.43874921798706057","0.43874921798706057","0.43874921798706057","1558","1558","1558"
"7045","0.4212927341461182","0.4212927341461182","0.4212927341461182","1559","1559","1559"
"7050","0.41461663246154784","0.41461663246154784","0.41461663246154784","1561","1561","1561"
"7055","0.45037217140197755","0.45037217140197755","0.45037217140197755","1562","1562","1562"
"7060","0.4283943176269531","0.4283943176269531","0.4283943176269531","1563","1563","1563"
"7065","0.45030827522277833","0.45030827522277833","0.45030827522277833","1564","1564","1564"
"7070","0.43274784088134766","0.43274784088134766","0.43274784088134766","1565","1565","1565"
"7075","0.39937329292297363","0.39937329292297363","0.39937329292297363","1566","1566","1566"
"7080","0.43154177665710447","0.43154177665710447","0.43154177665710447","1567","1567","1567"
"7085","0.44091477394104006","0.44091477394104006","0.44091477394104006","1568","1568","1568"
"7090","0.4622222900390625","0.4622222900390625","0.4622222900390625","1569","1569","1569"
"7095","0.43707547187805174","0.43707547187805174","0.43707547187805174","1570","1570","1570"
"7100","0.4323474884033203","0.4323474884033203","0.4323474884033203","1572","1572","1572"
"7105","0.445893383026123","0.445893383026123","0.445893383026123","1573","1573","1573"
"7110","0.4209434032440186","0.4209434032440186","0.4209434032440186","1574","1574","1574"
"7115","0.4154794216156006","0.4154794216156006","0.4154794216156006","1575","1575","1575"
"7120","0.4166117191314697","0.4166117191314697","0.4166117191314697","1576","1576","1576"
"7125","0.4511383533477783","0.4511383533477783","0.4511383533477783","1577","1577","1577"
"7130","0.4153386116027832","0.4153386116027832","0.4153386116027832","1578","1578","1578"
"7135","0.4149603366851807","0.4149603366851807","0.4149603366851807","1579","1579","1579"
"7140","0.4479815483093262","0.4479815483093262","0.4479815483093262","1580","1580","1580"
"7145","0.41371865272521974","0.41371865272521974","0.41371865272521974","1581","1581","1581"
"7150","0.4405367851257324","0.4405367851257324","0.4405367851257324","1583","1583","1583"
"7155","0.4363685131072998","0.4363685131072998","0.4363685131072998","1584","1584","1584"
"7160","0.46180386543273927","0.46180386543273927","0.46180386543273927","1585","1585","1585"
"7165","0.44809737205505373","0.44809737205505373","0.44809737205505373","1586","1586","1586"
"7170","0.42910284996032716","0.42910284996032716","0.42910284996032716","1587","1587","1587"
"7175","0.4269570827484131","0.4269570827484131","0.4269570827484131","1588","1588","1588"
"7180","0.43692240715026853","0.43692240715026853","0.43692240715026853","1589","1589","1589"
"7185","0.451160192489624","0.451160192489624","0.451160192489624","1590","1590","1590"
"7190","0.4194026470184326","0.4194026470184326","0.4194026470184326","1591","1591","1591"
"7195","0.421386194229126","0.421386194229126","0.421386194229126","1592","1592","1592"
"7200","0.4137407779693604","0.4137407779693604","0.4137407779693604","1594","1594","1594"
"7205","0.4297452926635742","0.4297452926635742","0.4297452926635742","1595","1595","1595"
"7210","0.3965169906616211","0.3965169906616211","0.3965169906616211","1596","1596","1596"
"7215","0.4334547519683838","0.4334547519683838","0.4334547519683838","1597","1597","1597"
"7220","0.43988637924194335","0.43988637924194335","0.43988637924194335","1598","1598","1598"
"7225","0.42298450469970705","0.42298450469970705","0.42298450469970705","1599","1599","1599"
"7230","0.45777101516723634","0.45777101516723634","0.45777101516723634","1600","1600","1600"
"7235","0.41544766426086427","0.41544766426086427","0.41544766426086427","1601","1601","1601"
"7240","0.43323626518249514","0.43323626518249514","0.43323626518249514","1602","1602","1602"
"7245","0.3660571098327637","0.3660571098327637","0.3660571098327637","1603","1603","1603"
"7250","0.3963606834411621","0.3963606834411621","0.3963606834411621","1605","1605","1605"
"7255","0.42647857666015626","0.42647857666015626","0.42647857666015626","1606","1606","1606"
"7260","0.41849427223205565","0.41849427223205565","0.41849427223205565","1607","1607","1607"
"7265","0.4004237174987793","0.4004237174987793","0.4004237174987793","1608","1608","1608"
"7270","0.43269896507263184","0.43269896507263184","0.43269896507263184","1609","1609","1609"
"7275","0.44462056159973146","0.44462056159973146","0.44462056159973146","1610","1610","1610"
"7280","0.403605318069458","0.403605318069458","0.403605318069458","1611","1611","1611"
"7285","0.4409786701202393","0.4409786701202393","0.4409786701202393","1612","1612","1612"
"7290","0.41643524169921875","0.41643524169921875","0.41643524169921875","1613","1613","1613"
"7295","0.38080384731292727","0.38080384731292727","0.38080384731292727","1614","1614","1614"
"7300","0.408954381942749","0.408954381942749","0.408954381942749","1616","1616","1616"
"7305","0.3962660551071167","0.3962660551071167","0.3962660551071167","1617","1617","1617"
"7310","0.40749297142028806","0.40749297142028806","0.40749297142028806","1618","1618","1618"
"7315","0.41037554740905763","0.41037554740905763","0.41037554740905763","1619","1619","1619"
"7320","0.4185363292694092","0.4185363292694092","0.4185363292694092","1620","1620","1620"
"7325","0.40382208824157717","0.40382208824157717","0.40382208824157717","1621","1621","1621"
"7330","0.4022701263427734","0.4022701263427734","0.4022701263427734","1622","1622","1622"
"7335","0.4288687229156494","0.4288687229156494","0.4288687229156494","1623","1623","1623"
"7340","0.39854371547698975","0.39854371547698975","0.39854371547698975","1624","1624","1624"
"7345","0.4164207935333252","0.4164207935333252","0.4164207935333252","1625","1625","1625"
"7350","0.41199769973754885","0.41199769973754885","0.41199769973754885","1627","1627","1627"
"7355","0.39826529026031493","0.39826529026031493","0.39826529026031493","1628","1628","1628"
"7360","0.410417366027832","0.410417366027832","0.410417366027832","1629","1629","1629"
"7365","0.41937456130981443","0.41937456130981443","0.41937456130981443","1630","1630","1630"
"7370","0.41562714576721194","0.41562714576721194","0.41562714576721194","1631","1631","1631"
"7375","0.4294878959655762","0.4294878959655762","0.4294878959655762","1632","1632","1632"
"7380","0.40735797882080077","0.40735797882080077","0.40735797882080077","1633","1633","1633"
"7385","0.4388552188873291","0.4388552188873291","0.4388552188873291","1634","1634","1634"
"7390","0.4217820167541504","0.4217820167541504","0.4217820167541504","1635","1635","1635"
"7395","0.3762804508209229","0.3762804508209229","0.3762804508209229","1636","1636","1636"
"7400","0.41795053482055666","0.41795053482055666","0.41795053482055666","1638","1638","1638"
"7405","0.3887267351150513","0.3887267351150513","0.3887267351150513","1639","1639","1639"
"7410","0.41347289085388184","0.41347289085388184","0.41347289085388184","1640","1640","1640"
"7415","0.4181002140045166","0.4181002140045166","0.4181002140045166","1641","1641","1641"
"7420","0.4527131080627441","0.4527131080627441","0.4527131080627441","1642","1642","1642"
"7425","0.45595149993896483","0.45595149993896483","0.45595149993896483","1643","1643","1643"
"7430","0.42557830810546876","0.42557830810546876","0.42557830810546876","1644","1644","1644"
"7435","0.4102757930755615","0.4102757930755615","0.4102757930755615","1645","1645","1645"
"7440","0.4475825309753418","0.4475825309753418","0.4475825309753418","1646","1646","1646"
"7445","0.39743623733520506","0.39743623733520506","0.39743623733520506","1647","1647","1647"
"7450","0.41850862503051756","0.41850862503051756","0.41850862503051756","1649","1649","1649"
"7455","0.4128885746002197","0.4128885746002197","0.4128885746002197","1650","1650","1650"
"7460","0.4366922378540039","0.4366922378540039","0.4366922378540039","1651","1651","1651"
"7465","0.38760175704956057","0.38760175704956057","0.38760175704956057","1652","1652","1652"
"7470","0.4281309127807617","0.4281309127807617","0.4281309127807617","1653","1653","1653"
"7475","0.4251129150390625","0.4251129150390625","0.4251129150390625","1654","1654","1654"
"7480","0.42237606048583987","0.42237606048583987","0.42237606048583987","1655","1655","1655"
"7485","0.4286686897277832","0.4286686897277832","0.4286686897277832","1656","1656","1656"
"7490","0.42522621154785156","0.42522621154785156","0.42522621154785156","1657","1657","1657"
"7495","0.43883142471313474","0.43883142471313474","0.43883142471313474","1658","1658","1658"
"7500","0.39706969261169434","0.39706969261169434","0.39706969261169434","1660","1660","1660"
"7505","0.400758171081543","0.400758171081543","0.400758171081543","1661","1661","1661"
"7510","0.4303612232208252","0.4303612232208252","0.4303612232208252","1662","1662","1662"
"7515","0.41094346046447755","0.41094346046447755","0.41094346046447755","1663","1663","1663"
"7520","0.41711015701293946","0.41711015701293946","0.41711015701293946","1664","1664","1664"
"7525","0.4087869167327881","0.4087869167327881","0.4087869167327881","1665","1665","1665"
"7530","0.41620569229125975","0.41620569229125975","0.41620569229125975","1666","1666","1666"
"7535","0.4060389995574951","0.4060389995574951","0.4060389995574951","1667","1667","1667"
"7540","0.43369688987731936","0.43369688987731936","0.43369688987731936","1668","1668","1668"
"7545","0.4185445308685303","0.4185445308685303","0.4185445308685303","1669","1669","1669"
"7550","0.38378860950469973","0.38378860950469973","0.38378860950469973","1671","1671","1671"
"7555","0.4331703186035156","0.4331703186035156","0.4331703186035156","1672","1672","1672"
"7560","0.39043052196502687","0.39043052196502687","0.39043052196502687","1673","1673","1673"
"7565","0.40919694900512693","0.40919694900512693","0.40919694900512693","1674","1674","1674"
"7570","0.4598513126373291","0.4598513126373291","0.4598513126373291","1675","1675","1675"
"7575","0.4235095024108887","0.4235095024108887","0.4235095024108887","1676","1676","1676"
"7580","0.4427438259124756","0.4427438259124756","0.4427438259124756","1677","1677","1677"
"7585","0.4078853130340576","0.4078853130340576","0.4078853130340576","1678","1678","1678"
"7590","0.42836818695068357","0.42836818695068357","0.42836818695068357","1679","1679","1679"
"7595","0.4250176429748535","0.4250176429748535","0.4250176429748535","1680","1680","1680"
"7600","0.3871074438095093","0.3871074438095093","0.3871074438095093","1682","1682","1682"
"7605","0.44098339080810545","0.44098339080810545","0.44098339080810545","1683","1683","1683"
"7610","0.44048480987548827","0.44048480987548827","0.44048480987548827","1684","1684","1684"
"7615","0.41193423271179197","0.41193423271179197","0.41193423271179197","1685","1685","1685"
"7620","0.3984567642211914","0.3984567642211914","0.3984567642211914","1686","1686","1686"
"7625","0.41390151977539064","0.41390151977539064","0.41390151977539064","1687","1687","1687"
"7630","0.4204209327697754","0.4204209327697754","0.4204209327697754","1688","1688","1688"
"7635","0.42510242462158204","0.42510242462158204","0.42510242462158204","1689","1689","1689"
"7640","0.39882330894470214","0.39882330894470214","0.39882330894470214","1690","1690","1690"
"7645","0.42627463340759275","0.42627463340759275","0.42627463340759275","1691","1691","1691"
"7650","0.39096434116363527","0.39096434116363527","0.39096434116363527","1693","1693","1693"
"7655","0.4156332015991211","0.4156332015991211","0.4156332015991211","1694","1694","1694"
"7660","0.4675624370574951","0.4675624370574951","0.4675624370574951","1695","1695","1695"
"7665","0.4004182815551758","0.4004182815551758","0.4004182815551758","1696","1696","1696"
"7670","0.407757568359375","0.407757568359375","0.407757568359375","1697","1697","1697"
"7675","0.44824929237365724","0.44824929237365724","0.44824929237365724","1698","1698","1698"
"7680","0.39195613861083983","0.39195613861083983","0.39195613861083983","1699","1699","1699"
"7685","0.42775788307189944","0.42775788307189944","0.42775788307189944","1700","1700","1700"
"7690","0.42705488204956055","0.42705488204956055","0.42705488204956055","1701","1701","1701"
"7695","0.43073420524597167","0.43073420524597167","0.43073420524597167","1702","1702","1702"
"7700","0.3917186737060547","0.3917186737060547","0.3917186737060547","1704","1704","1704"
"7705","0.41472458839416504","0.41472458839416504","0.41472458839416504","1705","1705","1705"
"7710","0.4242988109588623","0.4242988109588623","0.4242988109588623","1706","1706","1706"
"7715","0.46265239715576173","0.46265239715576173","0.46265239715576173","1707","1707","1707"
"7720","0.40285143852233884","0.40285143852233884","0.40285143852233884","1708","1708","1708"
"7725","0.41862053871154786","0.41862053871154786","0.41862053871154786","1709","1709","1709"
"7730","0.3966055393218994","0.3966055393218994","0.3966055393218994","1710","1710","1710"
"7735","0.3691699504852295","0.3691699504852295","0.3691699504852295","1711","1711","1711"
"7740","0.43745784759521483","0.43745784759521483","0.43745784759521483","1712","1712","1712"
"7745","0.4044463634490967","0.4044463634490967","0.4044463634490967","1713","1713","1713"
"7750","0.39885778427124025","0.39885778427124025","0.39885778427124025","1715","1715","1715"
"7755","0.3782292366027832","0.3782292366027832","0.3782292366027832","1716","1716","1716"
"7760","0.44363012313842776","0.44363012313842776","0.44363012313842776","1717","1717","1717"
"7765","0.41532092094421386","0.41532092094421386","0.41532092094421386","1718","1718","1718"
"7770","0.42354617118835447","0.42354617118835447","0.42354617118835447","1719","1719","1719"
"7775","0.39702534675598145","0.39702534675598145","0.39702534675598145","1720","1720","1720"
"7780","0.4107764720916748","0.4107764720916748","0.4107764720916748","1721","1721","1721"
"7785","0.3987856149673462","0.3987856149673462","0.3987856149673462","1722","1722","1722"
"7790","0.3866868257522583","0.3866868257522583","0.3866868257522583","1723","1723","1723"
"7795","0.3722209453582764","0.3722209453582764","0.3722209453582764","1724","1724","1724"
"7800","0.3705371141433716","0.3705371141433716","0.3705371141433716","1726","1726","1726"
"7805","0.42290825843811036","0.42290825843811036","0.42290825843811036","1727","1727","1727"
"7810","0.42876553535461426","0.42876553535461426","0.42876553535461426","1728","1728","1728"
"7815","0.4204541206359863","0.4204541206359863","0.4204541206359863","1729","1729","1729"
"7820","0.41153416633605955","0.41153416633605955","0.41153416633605955","1730","1730","1730"
"7825","0.40288171768188474","0.40288171768188474","0.40288171768188474","1731","1731","1731"
"7830","0.416300630569458","0.416300630569458","0.416300630569458","1732","1732","1732"
"7835","0.38500123023986815","0.38500123023986815","0.38500123023986815","1733","1733","1733"
"7840","0.3795971632003784","0.3795971632003784","0.3795971632003784","1734","1734","1734"
"7845","0.4138197422027588","0.4138197422027588","0.4138197422027588","1735","1735","1735"
"7850","0.4470509052276611","0.4470509052276611","0.4470509052276611","1737","1737","1737"
"7855","0.4026487827301025","0.4026487827301025","0.4026487827301025","1738","1738","1738"
"7860","0.4094368934631348","0.4094368934631348","0.4094368934631348","1739","1739","1739"
"7865","0.3801835060119629","0.3801835060119629","0.3801835060119629","1740","1740","1740"
"7870","0.45318427085876467","0.45318427085876467","0.45318427085876467","1741","1741","1741"
"7875","0.425099515914917","0.425099515914917","0.425099515914917","1742","1742","1742"
"7880","0.4081876277923584","0.4081876277923584","0.4081876277923584","1743","1743","1743"
"7885","0.38426618576049804","0.38426618576049804","0.38426618576049804","1744","1744","1744"
"7890","0.38441298007965086","0.38441298007965086","0.38441298007965086","1745","1745","1745"
"7895","0.39964091777801514","0.39964091777801514","0.39964091777801514","1746","1746","1746"
"7900","0.42806286811828614","0.42806286811828614","0.42806286811828614","1748","1748","1748"
"7905","0.4103546619415283","0.4103546619415283","0.4103546619415283","1749","1749","1749"
"7910","0.39883878231048586","0.39883878231048586","0.39883878231048586","1750","1750","1750"
"7915","0.40003538131713867","0.40003538131713867","0.40003538131713867","1751","1751","1751"
"7920","0.41171998977661134","0.41171998977661134","0.41171998977661134","1752","1752","1752"
"7925","0.38139321804046633","0.38139321804046633","0.38139321804046633","1753","1753","1753"
"7930","0.4028273582458496","0.4028273582458496","0.4028273582458496","1754","1754","1754"
"7935","0.386708402633667","0.386708402633667","0.386708402633667","1755","1755","1755"
"7940","0.40775060653686523","0.40775060653686523","0.40775060653686523","1756","1756","1756"
"7945","0.4150117874145508","0.4150117874145508","0.4150117874145508","1757","1757","1757"
"7950","0.37893774509429934","0.37893774509429934","0.37893774509429934","1759","1759","1759"
"7955","0.41919169425964353","0.41919169425964353","0.41919169425964353","1760","1760","1760"
"7960","0.3960843086242676","0.3960843086242676","0.3960843086242676","1761","1761","1761"
"7965","0.40123915672302246","0.40123915672302246","0.40123915672302246","1762","1762","1762"
"7970","0.3943981170654297","0.3943981170654297","0.3943981170654297","1763","1763","1763"
"7975","0.39430646896362304","0.39430646896362304","0.39430646896362304","1764","1764","1764"
"7980","0.41930508613586426","0.41930508613586426","0.41930508613586426","1765","1765","1765"
"7985","0.37271130084991455","0.37271130084991455","0.37271130084991455","1766","1766","1766"
"7990","0.4171499252319336","0.4171499252319336","0.4171499252319336","1767","1767","1767"
"7995","0.448853874206543","0.448853874206543","0.448853874206543","1768","1768","1768"
"8000","0.39569547176361086","0.39569547176361086","0.39569547176361086","1770","1770","1770"
"8005","0.38996543884277346","0.38996543884277346","0.38996543884277346","1772","1772","1772"
"8010","0.4010310649871826","0.4010310649871826","0.4010310649871826","1773","1773","1773"
"8015","0.38896615505218507","0.38896615505218507","0.38896615505218507","1774","1774","1774"
"8020","0.40466909408569335","0.40466909408569335","0.40466909408569335","1775","1775","1775"
"8025","0.4181339263916016","0.4181339263916016","0.4181339263916016","1776","1776","1776"
"8030","0.4174962997436523","0.4174962997436523","0.4174962997436523","1777","1777","1777"
"8035","0.4158606052398682","0.4158606052398682","0.4158606052398682","1778","1778","1778"
"8040","0.3688333034515381","0.3688333034515381","0.3688333034515381","1779","1779","1779"
"8045","0.41274681091308596","0.41274681091308596","0.41274681091308596","1780","1780","1780"
"8050","0.45080037117004396","0.45080037117004396","0.45080037117004396","1782","1782","1782"
"8055","0.4083996295928955","0.4083996295928955","0.4083996295928955","1783","1783","1783"
"8060","0.4452815055847168","0.4452815055847168","0.4452815055847168","1784","1784","1784"
"8065","0.417313814163208","0.417313814163208","0.417313814163208","1785","1785","1785"
"8070","0.41872897148132326","0.41872897148132326","0.41872897148132326","1786","1786","1786"
"8075","0.3507045269012451","0.3507045269012451","0.3507045269012451","1787","1787","1787"
"8080","0.3968625783920288","0.3968625783920288","0.3968625783920288","1788","1788","1788"
"8085","0.39953644275665284","0.39953644275665284","0.39953644275665284","1789","1789","1789"
"8090","0.3930236339569092","0.3930236339569092","0.3930236339569092","1790","1790","1790"
"8095","0.42192230224609373","0.42192230224609373","0.42192230224609373","1791","1791","1791"
"8100","0.3892355918884277","0.3892355918884277","0.3892355918884277","1793","1793","1793"
"8105","0.3946401596069336","0.3946401596069336","0.3946401596069336","1794","1794","1794"
"8110","0.4141233444213867","0.4141233444213867","0.4141233444213867","1795","1795","1795"
"8115","0.40124802589416503","0.40124802589416503","0.40124802589416503","1796","1796","1796"
"8120","0.42243504524230957","0.42243504524230957","0.42243504524230957","1797","1797","1797"
"8125","0.3813549280166626","0.3813549280166626","0.3813549280166626","1798","1798","1798"
"8130","0.4373305320739746","0.4373305320739746","0.4373305320739746","1799","1799","1799"
"8135","0.4174323081970215","0.4174323081970215","0.4174323081970215","1800","1800","1800"
"8140","0.38864109516143797","0.38864109516143797","0.38864109516143797","1801","1801","1801"
"8145","0.38848302364349363","0.38848302364349363","0.38848302364349363","1802","1802","1802"
"8150","0.42467031478881834","0.42467031478881834","0.42467031478881834","1804","1804","1804"
"8155","0.41182265281677244","0.41182265281677244","0.41182265281677244","1805","1805","1805"
"8160","0.39772968292236327","0.39772968292236327","0.39772968292236327","1806","1806","1806"
"8165","0.41403770446777344","0.41403770446777344","0.41403770446777344","1807","1807","1807"
"8170","0.3799654722213745","0.3799654722213745","0.3799654722213745","1808","1808","1808"
"8175","0.4184741020202637","0.4184741020202637","0.4184741020202637","1809","1809","1809"
"8180","0.42250685691833495","0.42250685691833495","0.42250685691833495","1810","1810","1810"
"8185","0.39218897819519044","0.39218897819519044","0.39218897819519044","1811","1811","1811"
"8190","0.4242854118347168","0.4242854118347168","0.4242854118347168","1812","1812","1812"
"8195","0.4573782444000244","0.4573782444000244","0.4573782444000244","1813","1813","1813"
"8200","0.3859294891357422","0.3859294891357422","0.3859294891357422","1815","1815","1815"
"8205","0.3777680158615112","0.3777680158615112","0.3777680158615112","1816","1816","1816"
"8210","0.40947871208190917","0.40947871208190917","0.40947871208190917","1817","1817","1817"
"8215","0.4043600559234619","0.4043600559234619","0.4043600559234619","1818","1818","1818"
"8220","0.3937197208404541","0.3937197208404541","0.3937197208404541","1819","1819","1819"
"8225","0.40620007514953616","0.40620007514953616","0.40620007514953616","1820","1820","1820"
"8230","0.3966566562652588","0.3966566562652588","0.3966566562652588","1821","1821","1821"
"8235","0.3857795238494873","0.3857795238494873","0.3857795238494873","1822","1822","1822"
"8240","0.4821592330932617","0.4821592330932617","0.4821592330932617","1823","1823","1823"
"8245","0.39616951942443845","0.39616951942443845","0.39616951942443845","1824","1824","1824"
"8250","0.41620359420776365","0.41620359420776365","0.41620359420776365","1826","1826","1826"
"8255","0.38443613052368164","0.38443613052368164","0.38443613052368164","1827","1827","1827"
"8260","0.36999404430389404","0.36999404430389404","0.36999404430389404","1828","1828","1828"
"8265","0.4033184051513672","0.4033184051513672","0.4033184051513672","1829","1829","1829"
"8270","0.4225157260894775","0.4225157260894775","0.4225157260894775","1830","1830","1830"
"8275","0.4026031970977783","0.4026031970977783","0.4026031970977783","1831","1831","1831"
"8280","0.40173492431640623","0.40173492431640623","0.40173492431640623","1832","1832","1832"
"8285","0.3959351539611816","0.3959351539611816","0.3959351539611816","1833","1833","1833"
"8290","0.40603151321411135","0.40603151321411135","0.40603151321411135","1834","1834","1834"
"8295","0.4080244541168213","0.4080244541168213","0.4080244541168213","1835","1835","1835"
"8300","0.40633554458618165","0.40633554458618165","0.40633554458618165","1837","1837","1837"
"8305","0.3855879783630371","0.3855879783630371","0.3855879783630371","1838","1838","1838"
"8310","0.420563268661499","0.420563268661499","0.420563268661499","1839","1839","1839"
"8315","0.39000401496887205","0.39000401496887205","0.39000401496887205","1840","1840","1840"
"8320","0.4191601276397705","0.4191601276397705","0.4191601276397705","1841","1841","1841"
"8325","0.399660325050354","0.399660325050354","0.399660325050354","1842","1842","1842"
"8330","0.40270347595214845","0.40270347595214845","0.40270347595214845","1843","1843","1843"
"8335","0.40953831672668456","0.40953831672668456","0.40953831672668456","1844","1844","1844"
"8340","0.42041597366333006","0.42041597366333006","0.42041597366333006","1845","1845","1845"
"8345","0.3830997943878174","0.3830997943878174","0.3830997943878174","1846","1846","1846"
"8350","0.41741623878479006","0.41741623878479006","0.41741623878479006","1848","1848","1848"
"8355","0.40134081840515134","0.40134081840515134","0.40134081840515134","1849","1849","1849"
"8360","0.3561941862106323","0.3561941862106323","0.3561941862106323","1850","1850","1850"
"8365","0.40171451568603517","0.40171451568603517","0.40171451568603517","1851","1851","1851"
"8370","0.3829664945602417","0.3829664945602417","0.3829664945602417","1852","1852","1852"
"8375","0.3825421094894409","0.3825421094894409","0.3825421094894409","1853","1853","1853"
"8380","0.3865650177001953","0.3865650177001953","0.3865650177001953","1854","1854","1854"
"8385","0.39643130302429197","0.39643130302429197","0.39643130302429197","1855","1855","1855"
"8390","0.4162942409515381","0.4162942409515381","0.4162942409515381","1856","1856","1856"
"8395","0.3899896860122681","0.3899896860122681","0.3899896860122681","1857","1857","1857"
"8400","0.398000693321228","0.398000693321228","0.398000693321228","1859","1859","1859"
"8405","0.3936687707901001","0.3936687707901001","0.3936687707901001","1860","1860","1860"
"8410","0.39186246395111085","0.39186246395111085","0.39186246395111085","1861","1861","1861"
"8415","0.4186601161956787","0.4186601161956787","0.4186601161956787","1862","1862","1862"
"8420","0.3721580505371094","0.3721580505371094","0.3721580505371094","1863","1863","1863"
"8425","0.35552496910095216","0.35552496910095216","0.35552496910095216","1864","1864","1864"
"8430","0.44124655723571776","0.44124655723571776","0.44124655723571776","1865","1865","1865"
"8435","0.3888298511505127","0.3888298511505127","0.3888298511505127","1866","1866","1866"
"8440","0.3723227262496948","0.3723227262496948","0.3723227262496948","1867","1867","1867"
"8445","0.3923597812652588","0.3923597812652588","0.3923597812652588","1868","1868","1868"
"8450","0.4096969127655029","0.4096969127655029","0.4096969127655029","1870","1870","1870"
"8455","0.3558207511901855","0.3558207511901855","0.3558207511901855","1871","1871","1871"
"8460","0.4315024852752686","0.4315024852752686","0.4315024852752686","1872","1872","1872"
"8465","0.4210485935211182","0.4210485935211182","0.4210485935211182","1873","1873","1873"
"8470","0.3616966247558594","0.3616966247558594","0.3616966247558594","1874","1874","1874"
"8475","0.37040607929229735","0.37040607929229735","0.37040607929229735","1875","1875","1875"
"8480","0.37388794422149657","0.37388794422149657","0.37388794422149657","1876","1876","1876"
"8485","0.400590705871582","0.400590705871582","0.400590705871582","1877","1877","1877"
"8490","0.38616998195648194","0.38616998195648194","0.38616998195648194","1878","1878","1878"
"8495","0.39088966846466067","0.39088966846466067","0.39088966846466067","1879","1879","1879"
"8500","0.4203829765319824","0.4203829765319824","0.4203829765319824","1881","1881","1881"
"8505","0.3834136962890625","0.3834136962890625","0.3834136962890625","1882","1882","1882"
"8510","0.3786459445953369","0.3786459445953369","0.3786459445953369","1883","1883","1883"
"8515","0.4314924716949463","0.4314924716949463","0.4314924716949463","1884","1884","1884"
"8520","0.37919456958770753","0.37919456958770753","0.37919456958770753","1885","1885","1885"
"8525","0.3965082883834839","0.3965082883834839","0.3965082883834839","1886","1886","1886"
"8530","0.40453243255615234","0.40453243255615234","0.40453243255615234","1887","1887","1887"
"8535","0.40616068840026853","0.40616068840026853","0.40616068840026853","1888","1888","1888"
"8540","0.4111043453216553","0.4111043453216553","0.4111043453216553","1889","1889","1889"
"8545","0.41623268127441404","0.41623268127441404","0.41623268127441404","1890","1890","1890"
"8550","0.3975930452346802","0.3975930452346802","0.3975930452346802","1892","1892","1892"
"8555","0.3586294412612915","0.3586294412612915","0.3586294412612915","1893","1893","1893"
"8560","0.36920676231384275","0.36920676231384275","0.36920676231384275","1894","1894","1894"
"8565","0.3635774374008179","0.3635774374008179","0.3635774374008179","1895","1895","1895"
"8570","0.3870924711227417","0.3870924711227417","0.3870924711227417","1896","1896","1896"
"8575","0.3912804365158081","0.3912804365158081","0.3912804365158081","1897","1897","1897"
"8580","0.4114251613616943","0.4114251613616943","0.4114251613616943","1898","1898","1898"
"8585","0.3880682229995728","0.3880682229995728","0.3880682229995728","1899","1899","1899"
"8590","0.4037919521331787","0.4037919521331787","0.4037919521331787","1900","1900","1900"
"8595","0.3614837884902954","0.3614837884902954","0.3614837884902954","1901","1901","1901"
"8600","0.3894312858581543","0.3894312858581543","0.3894312858581543","1903","1903","1903"
"8605","0.451832914352417","0.451832914352417","0.451832914352417","1904","1904","1904"
"8610","0.40435032844543456","0.40435032844543456","0.40435032844543456","1905","1905","1905"
"8615","0.3950059175491333","0.3950059175491333","0.3950059175491333","1906","1906","1906"
"8620","0.3842389345169067","0.3842389345169067","0.3842389345169067","1907","1907","1907"
"8625","0.3977806806564331","0.3977806806564331","0.3977806806564331","1908","1908","1908"
"8630","0.39345479011535645","0.39345479011535645","0.39345479011535645","1909","1909","1909"
"8635","0.377264666557312","0.377264666557312","0.377264666557312","1910","1910","1910"
"8640","0.3983428716659546","0.3983428716659546","0.3983428716659546","1911","1911","1911"
"8645","0.38779335021972655","0.38779335021972655","0.38779335021972655","1912","1912","1912"
"8650","0.42247815132141114","0.42247815132141114","0.42247815132141114","1914","1914","1914"
"8655","0.3746227979660034","0.3746227979660034","0.3746227979660034","1915","1915","1915"
"8660","0.355522894859314","0.355522894859314","0.355522894859314","1916","1916","1916"
"8665","0.3771203517913818","0.3771203517913818","0.3771203517913818","1917","1917","1917"
"8670","0.35538334846496583","0.35538334846496583","0.35538334846496583","1918","1918","1918"
"8675","0.3849663019180298","0.3849663019180298","0.3849663019180298","1919","1919","1919"
"8680","0.4141546726226807","0.4141546726226807","0.4141546726226807","1920","1920","1920"
"8685","0.3579996585845947","0.3579996585845947","0.3579996585845947","1921","1921","1921"
"8690","0.38523671627044676","0.38523671627044676","0.38523671627044676","1922","1922","1922"
"8695","0.39442546367645265","0.39442546367645265","0.39442546367645265","1923","1923","1923"
"8700","0.4127328872680664","0.4127328872680664","0.4127328872680664","1925","1925","1925"
"8705","0.4016982078552246","0.4016982078552246","0.4016982078552246","1926","1926","1926"
"8710","0.37932984828948973","0.37932984828948973","0.37932984828948973","1927","1927","1927"
"8715","0.37636916637420653","0.37636916637420653","0.37636916637420653","1928","1928","1928"
"8720","0.37432003021240234","0.37432003021240234","0.37432003021240234","1929","1929","1929"
"8725","0.3894242525100708","0.3894242525100708","0.3894242525100708","1930","1930","1930"
"8730","0.3910280466079712","0.3910280466079712","0.3910280466079712","1931","1931","1931"
"8735","0.3925130605697632","0.3925130605697632","0.3925130605697632","1932","1932","1932"
"8740","0.41422715187072756","0.41422715187072756","0.41422715187072756","1933","1933","1933"
"8745","0.3571927070617676","0.3571927070617676","0.3571927070617676","1934","1934","1934"
"8750","0.44244861602783203","0.44244861602783203","0.44244861602783203","1936","1936","1936"
"8755","0.36918954849243163","0.36918954849243163","0.36918954849243163","1937","1937","1937"
"8760","0.39846847057342527","0.39846847057342527","0.39846847057342527","1938","1938","1938"
"8765","0.36934709548950195","0.36934709548950195","0.36934709548950195","1939","1939","1939"
"8770","0.3889533281326294","0.3889533281326294","0.3889533281326294","1940","1940","1940"
"8775","0.40589427947998047","0.40589427947998047","0.40589427947998047","1941","1941","1941"
"8780","0.4358668327331543","0.4358668327331543","0.4358668327331543","1942","1942","1942"
"8785","0.38307044506072996","0.38307044506072996","0.38307044506072996","1943","1943","1943"
"8790","0.38904244899749757","0.38904244899749757","0.38904244899749757","1944","1944","1944"
"8795","0.3902791976928711","0.3902791976928711","0.3902791976928711","1945","1945","1945"
"8800","0.3828266143798828","0.3828266143798828","0.3828266143798828","1947","1947","1947"
"8805","0.35793423652648926","0.35793423652648926","0.35793423652648926","1948","1948","1948"
"8810","0.35834922790527346","0.35834922790527346","0.35834922790527346","1949","1949","1949"
"8815","0.3831441402435303","0.3831441402435303","0.3831441402435303","1950","1950","1950"
"8820","0.386773681640625","0.386773681640625","0.386773681640625","1951","1951","1951"
"8825","0.4255802154541016","0.4255802154541016","0.4255802154541016","1952","1952","1952"
"8830","0.3905613422393799","0.3905613422393799","0.3905613422393799","1953","1953","1953"
"8835","0.38553972244262696","0.38553972244262696","0.38553972244262696","1954","1954","1954"
"8840","0.3795955181121826","0.3795955181121826","0.3795955181121826","1955","1955","1955"
"8845","0.407196044921875","0.407196044921875","0.407196044921875","1956","1956","1956"
"8850","0.38235509395599365","0.38235509395599365","0.38235509395599365","1958","1958","1958"
"8855","0.3867350578308105","0.3867350578308105","0.3867350578308105","1959","1959","1959"
"8860","0.40604662895202637","0.40604662895202637","0.40604662895202637","1960","1960","1960"
"8865","0.3801304578781128","0.3801304578781128","0.3801304578781128","1961","1961","1961"
"8870","0.4002243518829346","0.4002243518829346","0.4002243518829346","1962","1962","1962"
"8875","0.3965124607086182","0.3965124607086182","0.3965124607086182","1963","1963","1963"
"8880","0.4022087097167969","0.4022087097167969","0.4022087097167969","1964","1964","1964"
"8885","0.39375934600830076","0.39375934600830076","0.39375934600830076","1965","1965","1965"
"8890","0.386301326751709","0.386301326751709","0.386301326751709","1966","1966","1966"
"8895","0.38541953563690184","0.38541953563690184","0.38541953563690184","1967","1967","1967"
"8900","0.40661282539367677","0.40661282539367677","0.40661282539367677","1969","1969","1969"
"8905","0.4009397029876709","0.4009397029876709","0.4009397029876709","1970","1970","1970"
"8910","0.3812130928039551","0.3812130928039551","0.3812130928039551","1971","1971","1971"
"8915","0.36266891956329345","0.36266891956329345","0.36266891956329345","1972","1972","1972"
"8920","0.3741750955581665","0.3741750955581665","0.3741750955581665","1973","1973","1973"
"8925","0.39245703220367434","0.39245703220367434","0.39245703220367434","1974","1974","1974"
"8930","0.4243317127227783","0.4243317127227783","0.4243317127227783","1975","1975","1975"
"8935","0.3650447607040405","0.3650447607040405","0.3650447607040405","1976","1976","1976"
"8940","0.39416558742523194","0.39416558742523194","0.39416558742523194","1977","1977","1977"
"8945","0.357548451423645","0.357548451423645","0.357548451423645","1978","1978","1978"
"8950","0.3583271265029907","0.3583271265029907","0.3583271265029907","1980","1980","1980"
"8955","0.3662850856781006","0.3662850856781006","0.3662850856781006","1981","1981","1981"
"8960","0.3956292152404785","0.3956292152404785","0.3956292152404785","1982","1982","1982"
"8965","0.37162706851959226","0.37162706851959226","0.37162706851959226","1983","1983","1983"
"8970","0.3720027208328247","0.3720027208328247","0.3720027208328247","1984","1984","1984"
"8975","0.3540802001953125","0.3540802001953125","0.3540802001953125","1985","1985","1985"
"8980","0.36854236125946044","0.36854236125946044","0.36854236125946044","1986","1986","1986"
"8985","0.37448735237121583","0.37448735237121583","0.37448735237121583","1987","1987","1987"
"8990","0.3872708797454834","0.3872708797454834","0.3872708797454834","1988","1988","1988"
"8995","0.3865360260009766","0.3865360260009766","0.3865360260009766","1989","1989","1989"
"9000","0.3822975158691406","0.3822975158691406","0.3822975158691406","1991","1991","1991"
"9005","0.39432334899902344","0.39432334899902344","0.39432334899902344","1993","1993","1993"
"9010","0.4044463634490967","0.4044463634490967","0.4044463634490967","1994","1994","1994"
"9015","0.3789276838302612","0.3789276838302612","0.3789276838302612","1995","1995","1995"
"9020","0.3559573650360107","0.3559573650360107","0.3559573650360107","1996","1996","1996"
"9025","0.38999247550964355","0.38999247550964355","0.38999247550964355","1997","1997","1997"
"9030","0.3806908369064331","0.3806908369064331","0.3806908369064331","1998","1998","1998"
"9035","0.3482158660888672","0.3482158660888672","0.3482158660888672","1999","1999","1999"
"9040","0.3620340585708618","0.3620340585708618","0.3620340585708618","2000","2000","2000"
"9045","0.36438741683959963","0.36438741683959963","0.36438741683959963","2001","2001","2001"
"9050","0.36652944087982176","0.36652944087982176","0.36652944087982176","2003","2003","2003"
"9055","0.4038702011108398","0.4038702011108398","0.4038702011108398","2004","2004","2004"
"9060","0.3546967744827271","0.3546967744827271","0.3546967744827271","2005","2005","2005"
"9065","0.39033918380737304","0.39033918380737304","0.39033918380737304","2006","2006","2006"
"9070","0.33608906269073485","0.33608906269073485","0.33608906269073485","2007","2007","2007"
"9075","0.3609244108200073","0.3609244108200073","0.3609244108200073","2008","2008","2008"
"9080","0.3526631832122803","0.3526631832122803","0.3526631832122803","2009","2009","2009"
"9085","0.39112396240234376","0.39112396240234376","0.39112396240234376","2010","2010","2010"
"9090","0.40163569450378417","0.40163569450378417","0.40163569450378417","2011","2011","2011"
"9095","0.40221462249755857","0.40221462249755857","0.40221462249755857","2012","2012","2012"
"9100","0.3786808490753174","0.3786808490753174","0.3786808490753174","2014","2014","2014"
"9105","0.40908660888671877","0.40908660888671877","0.40908660888671877","2015","2015","2015"
"9110","0.3837296009063721","0.3837296009063721","0.3837296009063721","2016","2016","2016"
"9115","0.39324016571044923","0.39324016571044923","0.39324016571044923","2017","2017","2017"
"9120","0.37604560852050783","0.37604560852050783","0.37604560852050783","2018","2018","2018"
"9125","0.3894627332687378","0.3894627332687378","0.3894627332687378","2019","2019","2019"
"9130","0.36793434619903564","0.36793434619903564","0.36793434619903564","2020","2020","2020"
"9135","0.37217419147491454","0.37217419147491454","0.37217419147491454","2021","2021","2021"
"9140","0.36346309185028075","0.36346309185028075","0.36346309185028075","2022","2022","2022"
"9145","0.35461673736572263","0.35461673736572263","0.35461673736572263","2023","2023","2023"
"9150","0.39646646976470945","0.39646646976470945","0.39646646976470945","2025","2025","2025"
"9155","0.3824293613433838","0.3824293613433838","0.3824293613433838","2026","2026","2026"
"9160","0.34873366355895996","0.34873366355895996","0.34873366355895996","2027","2027","2027"
"9165","0.4110409259796143","0.4110409259796143","0.4110409259796143","2028","2028","2028"
"9170","0.3781099557876587","0.3781099557876587","0.3781099557876587","2029","2029","2029"
"9175","0.3617058277130127","0.3617058277130127","0.3617058277130127","2030","2030","2030"
"9180","0.35144739151000975","0.35144739151000975","0.35144739151000975","2031","2031","2031"
"9185","0.3358227491378784","0.3358227491378784","0.3358227491378784","2032","2032","2032"
"9190","0.3626775026321411","0.3626775026321411","0.3626775026321411","2033","2033","2033"
"9195","0.3825404405593872","0.3825404405593872","0.3825404405593872","2034","2034","2034"
"9200","0.4035655975341797","0.4035655975341797","0.4035655975341797","2036","2036","2036"
"9205","0.3569873094558716","0.3569873094558716","0.3569873094558716","2037","2037","2037"
"9210","0.3736934423446655","0.3736934423446655","0.3736934423446655","2038","2038","2038"
"9215","0.3736463785171509","0.3736463785171509","0.3736463785171509","2039","2039","2039"
"9220","0.39135820865631105","0.39135820865631105","0.39135820865631105","2040","2040","2040"
"9225","0.41634316444396974","0.41634316444396974","0.41634316444396974","2041","2041","2041"
"9230","0.33778135776519774","0.33778135776519774","0.33778135776519774","2042","2042","2042"
"9235","0.3771196365356445","0.3771196365356445","0.3771196365356445","2043","2043","2043"
"9240","0.3699293851852417","0.3699293851852417","0.3699293851852417","2044","2044","2044"
"9245","0.3710161685943604","0.3710161685943604","0.3710161685943604","2045","2045","2045"
"9250","0.3791987895965576","0.3791987895965576","0.3791987895965576","2047","2047","2047"
"9255","0.3911273002624512","0.3911273002624512","0.3911273002624512","2048","2048","2048"
"9260","0.345961332321167","0.345961332321167","0.345961332321167","2049","2049","2049"
"9265","0.38248682022094727","0.38248682022094727","0.38248682022094727","2050","2050","2050"
"9270","0.36669344902038575","0.36669344902038575","0.36669344902038575","2051","2051","2051"
"9275","0.3514931917190552","0.3514931917190552","0.3514931917190552","2052","2052","2052"
"9280","0.38936243057250974","0.38936243057250974","0.38936243057250974","2053","2053","2053"
"9285","0.37392549514770507","0.37392549514770507","0.37392549514770507","2054","2054","2054"
"9290","0.3514502763748169","0.3514502763748169","0.3514502763748169","2055","2055","2055"
"9295","0.35685594081878663","0.35685594081878663","0.35685594081878663","2056","2056","2056"
"9300","0.3270467758178711","0.3270467758178711","0.3270467758178711","2058","2058","2058"
"9305","0.37533392906188967","0.37533392906188967","0.37533392906188967","2059","2059","2059"
"9310","0.36346395015716554","0.36346395015716554","0.36346395015716554","2060","2060","2060"
"9315","0.3796986103057861","0.3796986103057861","0.3796986103057861","2061","2061","2061"
"9320","0.3635042667388916","0.3635042667388916","0.3635042667388916","2062","2062","2062"
"9325","0.3722349166870117","0.3722349166870117","0.3722349166870117","2063","2063","2063"
"9330","0.3748054504394531","0.3748054504394531","0.3748054504394531","2064","2064","2064"
"9335","0.3714496374130249","0.3714496374130249","0.3714496374130249","2065","2065","2065"
"9340","0.3561811923980713","0.3561811923980713","0.3561811923980713","2066","2066","2066"
"9345","0.36807420253753664","0.36807420253753664","0.36807420253753664","2067","2067","2067"
"9350","0.3711451292037964","0.3711451292037964","0.3711451292037964","2069","2069","2069"
"9355","0.36441354751586913","0.36441354751586913","0.36441354751586913","2070","2070","2070"
"9360","0.3706230401992798","0.3706230401992798","0.3706230401992798","2071","2071","2071"
"9365","0.3756366729736328","0.3756366729736328","0.3756366729736328","2072","2072","2072"
"9370","0.39203729629516604","0.39203729629516604","0.39203729629516604","2073","2073","2073"
"9375","0.39001264572143557","0.39001264572143557","0.39001264572143557","2074","2074","2074"
"9380","0.38938443660736083","0.38938443660736083","0.38938443660736083","2075","2075","2075"
"9385","0.34027411937713625","0.34027411937713625","0.34027411937713625","2076","2076","2076"
"9390","0.37986752986907957","0.37986752986907957","0.37986752986907957","2077","2077","2077"
"9395","0.3480161428451538","0.3480161428451538","0.3480161428451538","2078","2078","2078"
"9400","0.35098555088043215","0.35098555088043215","0.35098555088043215","2080","2080","2080"
"9405","0.36916322708129884","0.36916322708129884","0.36916322708129884","2081","2081","2081"
"9410","0.38910977840423583","0.38910977840423583","0.38910977840423583","2082","2082","2082"
"9415","0.3801276445388794","0.3801276445388794","0.3801276445388794","2083","2083","2083"
"9420","0.3784287691116333","0.3784287691116333","0.3784287691116333","2084","2084","2084"
"9425","0.36926343441009524","0.36926343441009524","0.36926343441009524","2085","2085","2085"
"9430","0.42364912033081054","0.42364912033081054","0.42364912033081054","2086","2086","2086"
"9435","0.41222414970397947","0.41222414970397947","0.41222414970397947","2087","2087","2087"
"9440","0.3524797439575195","0.3524797439575195","0.3524797439575195","2088","2088","2088"
"9445","0.3862436056137085","0.3862436056137085","0.3862436056137085","2089","2089","2089"
"9450","0.3985249996185303","0.3985249996185303","0.3985249996185303","2091","2091","2091"
"9455","0.39195828437805175","0.39195828437805175","0.39195828437805175","2092","2092","2092"
"9460","0.3722238063812256","0.3722238063812256","0.3722238063812256","2093","2093","2093"
"9465","0.3606386423110962","0.3606386423110962","0.3606386423110962","2094","2094","2094"
"9470","0.36575727462768554","0.36575727462768554","0.36575727462768554","2095","2095","2095"
"9475","0.33389739990234374","0.33389739990234374","0.33389739990234374","2096","2096","2096"
"9480","0.36455090045928956","0.36455090045928956","0.36455090045928956","2097","2097","2097"
"9485","0.3794792890548706","0.3794792890548706","0.3794792890548706","2098","2098","2098"
"9490","0.388947057723999","0.388947057723999","0.388947057723999","2099","2099","2099"
"9495","0.3637434720993042","0.3637434720993042","0.3637434720993042","2100","2100","2100"
"9500","0.34191083908081055","0.34191083908081055","0.34191083908081055","2102","2102","2102"
"9505","0.3538527965545654","0.3538527965545654","0.3538527965545654","2103","2103","2103"
"9510","0.4019573211669922","0.4019573211669922","0.4019573211669922","2104","2104","2104"
"9515","0.34458255767822266","0.34458255767822266","0.34458255767822266","2105","2105","2105"
"9520","0.3728778839111328","0.3728778839111328","0.3728778839111328","2106","2106","2106"
"9525","0.3758705615997314","0.3758705615997314","0.3758705615997314","2107","2107","2107"
"9530","0.383359956741333","0.383359956741333","0.383359956741333","2108","2108","2108"
"9535","0.36546261310577394","0.36546261310577394","0.36546261310577394","2109","2109","2109"
"9540","0.3685111999511719","0.3685111999511719","0.3685111999511719","2110","2110","2110"
"9545","0.3710379362106323","0.3710379362106323","0.3710379362106323","2111","2111","2111"
"9550","0.3720875263214111","0.3720875263214111","0.3720875263214111","2113","2113","2113"
"9555","0.33660211563110354","0.33660211563110354","0.33660211563110354","2114","2114","2114"
"9560","0.35536277294158936","0.35536277294158936","0.35536277294158936","2115","2115","2115"
"9565","0.35186774730682374","0.35186774730682374","0.35186774730682374","2116","2116","2116"
"9570","0.3727439880371094","0.3727439880371094","0.3727439880371094","2117","2117","2117"
"9575","0.3550837755203247","0.3550837755203247","0.3550837755203247","2118","2118","2118"
"9580","0.37393693923950194","0.37393693923950194","0.37393693923950194","2119","2119","2119"
"9585","0.3566142082214355","0.3566142082214355","0.3566142082214355","2120","2120","2120"
"9590","0.36058831214904785","0.36058831214904785","0.36058831214904785","2121","2121","2121"
"9595","0.3778341770172119","0.3778341770172119","0.3778341770172119","2122","2122","2122"
"9600","0.36668102741241454","0.36668102741241454","0.36668102741241454","2124","2124","2124"
"9605","0.3569401502609253","0.3569401502609253","0.3569401502609253","2125","2125","2125"
"9610","0.3578719854354858","0.3578719854354858","0.3578719854354858","2126","2126","2126"
"9615","0.37810354232788085","0.37810354232788085","0.37810354232788085","2127","2127","2127"
"9620","0.3548887252807617","0.3548887252807617","0.3548887252807617","2128","2128","2128"
"9625","0.35478672981262205","0.35478672981262205","0.35478672981262205","2129","2129","2129"
"9630","0.35446288585662844","0.35446288585662844","0.35446288585662844","2130","2130","2130"
"9635","0.36663362979888914","0.36663362979888914","0.36663362979888914","2131","2131","2131"
"9640","0.3696857213973999","0.3696857213973999","0.3696857213973999","2132","2132","2132"
"9645","0.3676732063293457","0.3676732063293457","0.3676732063293457","2133","2133","2133"
"9650","0.34849977493286133","0.34849977493286133","0.34849977493286133","2135","2135","2135"
"9655","0.3762930631637573","0.3762930631637573","0.3762930631637573","2136","2136","2136"
"9660","0.3688925266265869","0.3688925266265869","0.3688925266265869","2137","2137","2137"
"9665","0.37910141944885256","0.37910141944885256","0.37910141944885256","2138","2138","2138"
"9670","0.3615255355834961","0.3615255355834961","0.3615255355834961","2139","2139","2139"
"9675","0.3413662910461426","0.3413662910461426","0.3413662910461426","2140","2140","2140"
"9680","0.40437092781066897","0.40437092781066897","0.40437092781066897","2141","2141","2141"
"9685","0.3848691463470459","0.3848691463470459","0.3848691463470459","2142","2142","2142"
"9690","0.32701783180236815","0.32701783180236815","0.32701783180236815","2143","2143","2143"
"9695","0.35962066650390623","0.35962066650390623","0.35962066650390623","2144","2144","2144"
"9700","0.37499327659606935","0.37499327659606935","0.37499327659606935","2146","2146","2146"
"9705","0.354551887512207","0.354551887512207","0.354551887512207","2147","2147","2147"
"9710","0.34676852226257326","0.34676852226257326","0.34676852226257326","2148","2148","2148"
"9715","0.3571188926696777","0.3571188926696777","0.3571188926696777","2149","2149","2149"
"9720","0.36905977725982664","0.36905977725982664","0.36905977725982664","2150","2150","2150"
"9725","0.360624098777771","0.360624098777771","0.360624098777771","2151","2151","2151"
"9730","0.36538851261138916","0.36538851261138916","0.36538851261138916","2152","2152","2152"
"9735","0.3629575252532959","0.3629575252532959","0.3629575252532959","2153","2153","2153"
"9740","0.3646978855133057","0.3646978855133057","0.3646978855133057","2154","2154","2154"
"9745","0.36646783351898193","0.36646783351898193","0.36646783351898193","2155","2155","2155"
"9750","0.3704262971878052","0.3704262971878052","0.3704262971878052","2157","2157","2157"
"9755","0.3151979923248291","0.3151979923248291","0.3151979923248291","2158","2158","2158"
"9760","0.3684835910797119","0.3684835910797119","0.3684835910797119","2159","2159","2159"
"9765","0.35781335830688477","0.35781335830688477","0.35781335830688477","2160","2160","2160"
"9770","0.3565685272216797","0.3565685272216797","0.3565685272216797","2161","2161","2161"
"9775","0.38494081497192384","0.38494081497192384","0.38494081497192384","2162","2162","2162"
"9780","0.3501382350921631","0.3501382350921631","0.3501382350921631","2163","2163","2163"
"9785","0.35820581912994387","0.35820581912994387","0.35820581912994387","2164","2164","2164"
"9790","0.36421287059783936","0.36421287059783936","0.36421287059783936","2165","2165","2165"
"9795","0.34771342277526857","0.34771342277526857","0.34771342277526857","2166","2166","2166"
"9800","0.3479203462600708","0.3479203462600708","0.3479203462600708","2168","2168","2168"
"9805","0.35890860557556153","0.35890860557556153","0.35890860557556153","2169","2169","2169"
"9810","0.3493732213973999","0.3493732213973999","0.3493732213973999","2170","2170","2170"
"9815","0.3622077226638794","0.3622077226638794","0.3622077226638794","2171","2171","2171"
"9820","0.3350783586502075","0.3350783586502075","0.3350783586502075","2172","2172","2172"
"9825","0.3469682216644287","0.3469682216644287","0.3469682216644287","2173","2173","2173"
"9830","0.38479344844818114","0.38479344844818114","0.38479344844818114","2174","2174","2174"
"9835","0.3918004512786865","0.3918004512786865","0.3918004512786865","2175","2175","2175"
"9840","0.357935357093811","0.357935357093811","0.357935357093811","2176","2176","2176"
"9845","0.39388678073883054","0.39388678073883054","0.39388678073883054","2177","2177","2177"
"9850","0.35814151763916013","0.35814151763916013","0.35814151763916013","2179","2179","2179"
"9855","0.36368188858032224","0.36368188858032224","0.36368188858032224","2180","2180","2180"
"9860","0.3777519464492798","0.3777519464492798","0.3777519464492798","2181","2181","2181"
"9865","0.31594033241271974","0.31594033241271974","0.31594033241271974","2182","2182","2182"
"9870","0.3546473741531372","0.3546473741531372","0.3546473741531372","2183","2183","2183"
"9875","0.3706432104110718","0.3706432104110718","0.3706432104110718","2184","2184","2184"
"9880","0.3710992097854614","0.3710992097854614","0.3710992097854614","2185","2185","2185"
"9885","0.3480900764465332","0.3480900764465332","0.3480900764465332","2186","2186","2186"
"9890","0.3277045965194702","0.3277045965194702","0.3277045965194702","2187","2187","2187"
"9895","0.35215320587158205","0.35215320587158205","0.35215320587158205","2188","2188","2188"
"9900","0.38083443641662595","0.38083443641662595","0.38083443641662595","2190","2190","2190"
"9905","0.3286470651626587","0.3286470651626587","0.3286470651626587","2191","2191","2191"
"9910","0.36118919849395753","0.36118919849395753","0.36118919849395753","2192","2192","2192"
"9915","0.3482116460800171","0.3482116460800171","0.3482116460800171","2193","2193","2193"
"9920","0.36445114612579343","0.36445114612579343","0.36445114612579343","2194","2194","2194"
"9925","0.36032376289367674","0.36032376289367674","0.36032376289367674","2195","2195","2195"
"9930","0.36005430221557616","0.36005430221557616","0.36005430221557616","2196","2196","2196"
"9935","0.34993069171905516","0.34993069171905516","0.34993069171905516","2197","2197","2197"
"9940","0.3390016794204712","0.3390016794204712","0.3390016794204712","2198","2198","2198"
"9945","0.3524924278259277","0.3524924278259277","0.3524924278259277","2199","2199","2199"
"9950","0.35402114391326905","0.35402114391326905","0.35402114391326905","2201","2201","2201"
"9955","0.37752695083618165","0.37752695083618165","0.37752695083618165","2202","2202","2202"
"9960","0.35624079704284667","0.35624079704284667","0.35624079704284667","2203","2203","2203"
"9965","0.38150031566619874","0.38150031566619874","0.38150031566619874","2204","2204","2204"
"9970","0.3555567979812622","0.3555567979812622","0.3555567979812622","2205","2205","2205"
"9975","0.41749000549316406","0.41749000549316406","0.41749000549316406","2206","2206","2206"
"9980","0.3654340267181396","0.3654340267181396","0.3654340267181396","2207","2207","2207"
"9985","0.36666574478149416","0.36666574478149416","0.36666574478149416","2208","2208","2208"
"9990","0.34383385181427","0.34383385181427","0.34383385181427","2209","2209","2209"
"9995","0.35420780181884765","0.35420780181884765","0.35420780181884765","2210","2210","2210"
"10000","0.36925501823425294","0.36925501823425294","0.36925501823425294","2212","2212","2212"
"10005","0.3558944225311279","0.3558944225311279","0.3558944225311279","2214","2214","2214"
"10010","0.3633610010147095","0.3633610010147095","0.3633610010147095","2215","2215","2215"
"10015","0.3570744752883911","0.3570744752883911","0.3570744752883911","2216","2216","2216"
"10020","0.36498448848724363","0.36498448848724363","0.36498448848724363","2217","2217","2217"
"10025","0.3385401964187622","0.3385401964187622","0.3385401964187622","2218","2218","2218"
"10030","0.3306532621383667","0.3306532621383667","0.3306532621383667","2219","2219","2219"
"10035","0.36041529178619386","0.36041529178619386","0.36041529178619386","2220","2220","2220"
"10040","0.34330737590789795","0.34330737590789795","0.34330737590789795","2221","2221","2221"
"10045","0.3700095653533936","0.3700095653533936","0.3700095653533936","2222","2222","2222"
"10050","0.3267239809036255","0.3267239809036255","0.3267239809036255","2224","2224","2224"
"10055","0.3580190181732178","0.3580190181732178","0.3580190181732178","2225","2225","2225"
"10060","0.36800804138183596","0.36800804138183596","0.36800804138183596","2226","2226","2226"
"10065","0.3574657678604126","0.3574657678604126","0.3574657678604126","2227","2227","2227"
"10070","0.33362255096435545","0.33362255096435545","0.33362255096435545","2228","2228","2228"
"10075","0.39526193141937255","0.39526193141937255","0.39526193141937255","2229","2229","2229"
"10080","0.32835147380828855","0.32835147380828855","0.32835147380828855","2230","2230","2230"
"10085","0.34133405685424806","0.34133405685424806","0.34133405685424806","2231","2231","2231"
"10090","0.34810724258422854","0.34810724258422854","0.34810724258422854","2232","2232","2232"
"10095","0.35449144840240476","0.35449144840240476","0.35449144840240476","2233","2233","2233"
"10100","0.36274280548095705","0.36274280548095705","0.36274280548095705","2235","2235","2235"
"10105","0.35437355041503904","0.35437355041503904","0.35437355041503904","2236","2236","2236"
"10110","0.35838358402252196","0.35838358402252196","0.35838358402252196","2237","2237","2237"
"10115","0.3708488464355469","0.3708488464355469","0.3708488464355469","2238","2238","2238"
"10120","0.3918299198150635","0.3918299198150635","0.3918299198150635","2239","2239","2239"
"10125","0.33506321907043457","0.33506321907043457","0.33506321907043457","2240","2240","2240"
"10130","0.35166115760803224","0.35166115760803224","0.35166115760803224","2241","2241","2241"
"10135","0.3560615062713623","0.3560615062713623","0.3560615062713623","2242","2242","2242"
"10140","0.3676736831665039","0.3676736831665039","0.3676736831665039","2243","2243","2243"
"10145","0.3508209466934204","0.3508209466934204","0.3508209466934204","2244","2244","2244"
"10150","0.3537531614303589","0.3537531614303589","0.3537531614303589","2246","2246","2246"
"10155","0.33707427978515625","0.33707427978515625","0.33707427978515625","2247","2247","2247"
"10160","0.3678747177124023","0.3678747177124023","0.3678747177124023","2248","2248","2248"
"10165","0.3628018617630005","0.3628018617630005","0.3628018617630005","2249","2249","2249"
"10170","0.331424880027771","0.331424880027771","0.331424880027771","2250","2250","2250"
"10175","0.36858291625976564","0.36858291625976564","0.36858291625976564","2251","2251","2251"
"10180","0.34923012256622316","0.34923012256622316","0.34923012256622316","2252","2252","2252"
"10185","0.3529221773147583","0.3529221773147583","0.3529221773147583","2253","2253","2253"
"10190","0.3780538558959961","0.3780538558959961","0.3780538558959961","2254","2254","2254"
"10195","0.3296840190887451","0.3296840190887451","0.3296840190887451","2255","2255","2255"
"10200","0.3526299953460693","0.3526299953460693","0.3526299953460693","2257","2257","2257"
"10205","0.3362579345703125","0.3362579345703125","0.3362579345703125","2258","2258","2258"
"10210","0.3189854621887207","0.3189854621887207","0.3189854621887207","2259","2259","2259"
"10215","0.3584031343460083","0.3584031343460083","0.3584031343460083","2260","2260","2260"
"10220","0.37760329246520996","0.37760329246520996","0.37760329246520996","2261","2261","2261"
"10225","0.3538226842880249","0.3538226842880249","0.3538226842880249","2262","2262","2262"
"10230","0.35016703605651855","0.35016703605651855","0.35016703605651855","2263","2263","2263"
"10235","0.3545845031738281","0.3545845031738281","0.3545845031738281","2264","2264","2264"
"10240","0.33692967891693115","0.33692967891693115","0.33692967891693115","2265","2265","2265"
"10245","0.3205644369125366","0.3205644369125366","0.3205644369125366","2266","2266","2266"
"10250","0.33369400501251223","0.33369400501251223","0.33369400501251223","2268","2268","2268"
"10255","0.33495244979858396","0.33495244979858396","0.33495244979858396","2269","2269","2269"
"10260","0.34208242893218993","0.34208242893218993","0.34208242893218993","2270","2270","2270"
"10265","0.32881937026977537","0.32881937026977537","0.32881937026977537","2271","2271","2271"
"10270","0.3449674367904663","0.3449674367904663","0.3449674367904663","2272","2272","2272"
"10275","0.32923915386199953","0.32923915386199953","0.32923915386199953","2273","2273","2273"
"10280","0.35248451232910155","0.35248451232910155","0.35248451232910155","2274","2274","2274"
"10285","0.32536203861236573","0.32536203861236573","0.32536203861236573","2275","2275","2275"
"10290","0.3979796409606934","0.3979796409606934","0.3979796409606934","2276","2276","2276"
"10295","0.3821897506713867","0.3821897506713867","0.3821897506713867","2277","2277","2277"
"10300","0.34864852428436277","0.34864852428436277","0.34864852428436277","2279","2279","2279"
"10305","0.31830923557281493","0.31830923557281493","0.31830923557281493","2280","2280","2280"
"10310","0.3520700216293335","0.3520700216293335","0.3520700216293335","2281","2281","2281"
"10315","0.35761847496032717","0.35761847496032717","0.35761847496032717","2282","2282","2282"
"10320","0.3402571201324463","0.3402571201324463","0.3402571201324463","2283","2283","2283"
"10325","0.33168883323669435","0.33168883323669435","0.33168883323669435","2284","2284","2284"
"10330","0.36914212703704835","0.36914212703704835","0.36914212703704835","2285","2285","2285"
"10335","0.3326279640197754","0.3326279640197754","0.3326279640197754","2286","2286","2286"
"10340","0.3522099494934082","0.3522099494934082","0.3522099494934082","2287","2287","2287"
"10345","0.34043991565704346","0.34043991565704346","0.34043991565704346","2288","2288","2288"
"10350","0.3270676374435425","0.3270676374435425","0.3270676374435425","2290","2290","2290"
"10355","0.32776081562042236","0.32776081562042236","0.32776081562042236","2291","2291","2291"
"10360","0.3470397233963013","0.3470397233963013","0.3470397233963013","2292","2292","2292"
"10365","0.3331052541732788","0.3331052541732788","0.3331052541732788","2293","2293","2293"
"10370","0.31218388080596926","0.31218388080596926","0.31218388080596926","2294","2294","2294"
"10375","0.3403774261474609","0.3403774261474609","0.3403774261474609","2295","2295","2295"
"10380","0.32601659297943114","0.32601659297943114","0.32601659297943114","2296","2296","2296"
"10385","0.34497005939483644","0.34497005939483644","0.34497005939483644","2297","2297","2297"
"10390","0.35020534992218016","0.35020534992218016","0.35020534992218016","2298","2298","2298"
"10395","0.3475440502166748","0.3475440502166748","0.3475440502166748","2299","2299","2299"
"10400","0.354608416557312","0.354608416557312","0.354608416557312","2301","2301","2301"
"10405","0.3571148872375488","0.3571148872375488","0.3571148872375488","2302","2302","2302"
"10410","0.3747750997543335","0.3747750997543335","0.3747750997543335","2303","2303","2303"
"10415","0.3132718563079834","0.3132718563079834","0.3132718563079834","2304","2304","2304"
"10420","0.3404102325439453","0.3404102325439453","0.3404102325439453","2305","2305","2305"
"10425","0.31847684383392333","0.31847684383392333","0.31847684383392333","2306","2306","2306"
"10430","0.3689308166503906","0.3689308166503906","0.3689308166503906","2307","2307","2307"
"10435","0.35228476524353025","0.35228476524353025","0.35228476524353025","2308","2308","2308"
"10440","0.34668285846710206","0.34668285846710206","0.34668285846710206","2309","2309","2309"
"10445","0.35693724155426027","0.35693724155426027","0.35693724155426027","2310","2310","2310"
"10450","0.3340187072753906","0.3340187072753906","0.3340187072753906","2312","2312","2312"
"10455","0.32531137466430665","0.32531137466430665","0.32531137466430665","2313","2313","2313"
"10460","0.336664080619812","0.336664080619812","0.336664080619812","2314","2314","2314"
"10465","0.34640719890594485","0.34640719890594485","0.34640719890594485","2315","2315","2315"
"10470","0.3788055658340454","0.3788055658340454","0.3788055658340454","2316","2316","2316"
"10475","0.33431861400604246","0.33431861400604246","0.33431861400604246","2317","2317","2317"
"10480","0.34281904697418214","0.34281904697418214","0.34281904697418214","2318","2318","2318"
"10485","0.3282459735870361","0.3282459735870361","0.3282459735870361","2319","2319","2319"
"10490","0.34933478832244874","0.34933478832244874","0.34933478832244874","2320","2320","2320"
"10495","0.3320867300033569","0.3320867300033569","0.3320867300033569","2321","2321","2321"
"10500","0.367975115776062","0.367975115776062","0.367975115776062","2323","2323","2323"
"10505","0.3313767910003662","0.3313767910003662","0.3313767910003662","2324","2324","2324"
"10510","0.360941219329834","0.360941219329834","0.360941219329834","2325","2325","2325"
"10515","0.3372786521911621","0.3372786521911621","0.3372786521911621","2326","2326","2326"
"10520","0.3286468744277954","0.3286468744277954","0.3286468744277954","2327","2327","2327"
"10525","0.33754239082336424","0.33754239082336424","0.33754239082336424","2328","2328","2328"
"10530","0.3291226863861084","0.3291226863861084","0.3291226863861084","2329","2329","2329"
"10535","0.34089272022247313","0.34089272022247313","0.34089272022247313","2330","2330","2330"
"10540","0.3502272367477417","0.3502272367477417","0.3502272367477417","2331","2331","2331"
"10545","0.3288985252380371","0.3288985252380371","0.3288985252380371","2332","2332","2332"
"10550","0.35033977031707764","0.35033977031707764","0.35033977031707764","2334","2334","2334"
"10555","0.3543914079666138","0.3543914079666138","0.3543914079666138","2335","2335","2335"
"10560","0.35491716861724854","0.35491716861724854","0.35491716861724854","2336","2336","2336"
"10565","0.35343763828277586","0.35343763828277586","0.35343763828277586","2337","2337","2337"
"10570","0.3410624980926514","0.3410624980926514","0.3410624980926514","2338","2338","2338"
"10575","0.33754444122314453","0.33754444122314453","0.33754444122314453","2339","2339","2339"
"10580","0.34682722091674806","0.34682722091674806","0.34682722091674806","2340","2340","2340"
"10585","0.3067528009414673","0.3067528009414673","0.3067528009414673","2341","2341","2341"
"10590","0.32691164016723634","0.32691164016723634","0.32691164016723634","2342","2342","2342"
"10595","0.3051615238189697","0.3051615238189697","0.3051615238189697","2343","2343","2343"
"10600","0.33704752922058107","0.33704752922058107","0.33704752922058107","2345","2345","2345"
"10605","0.3479248285293579","0.3479248285293579","0.3479248285293579","2346","2346","2346"
"10610","0.3352621078491211","0.3352621078491211","0.3352621078491211","2347","2347","2347"
"10615","0.3343156337738037","0.3343156337738037","0.3343156337738037","2348","2348","2348"
"10620","0.33793747425079346","0.33793747425079346","0.33793747425079346","2349","2349","2349"
"10625","0.3477239370346069","0.3477239370346069","0.3477239370346069","2350","2350","2350"
"10630","0.37971227169036864","0.37971227169036864","0.37971227169036864","2351","2351","2351"
"10635","0.3424382209777832","0.3424382209777832","0.3424382209777832","2352","2352","2352"
"10640","0.3202979326248169","0.3202979326248169","0.3202979326248169","2353","2353","2353"
"10645","0.3408213138580322","0.3408213138580322","0.3408213138580322","2354","2354","2354"
"10650","0.3260372161865234","0.3260372161865234","0.3260372161865234","2356","2356","2356"
"10655","0.32521824836730956","0.32521824836730956","0.32521824836730956","2357","2357","2357"
"10660","0.37698409557342527","0.37698409557342527","0.37698409557342527","2358","2358","2358"
"10665","0.3468455791473389","0.3468455791473389","0.3468455791473389","2359","2359","2359"
"10670","0.31571164131164553","0.31571164131164553","0.31571164131164553","2360","2360","2360"
"10675","0.3454670667648315","0.3454670667648315","0.3454670667648315","2361","2361","2361"
"10680","0.34118103981018066","0.34118103981018066","0.34118103981018066","2362","2362","2362"
"10685","0.330291223526001","0.330291223526001","0.330291223526001","2363","2363","2363"
"10690","0.35677528381347656","0.35677528381347656","0.35677528381347656","2364","2364","2364"
"10695","0.3278810977935791","0.3278810977935791","0.3278810977935791","2365","2365","2365"
"10700","0.31605799198150636","0.31605799198150636","0.31605799198150636","2367","2367","2367"
"10705","0.31090645790100097","0.31090645790100097","0.31090645790100097","2368","2368","2368"
"10710","0.37468340396881106","0.37468340396881106","0.37468340396881106","2369","2369","2369"
"10715","0.31444177627563474","0.31444177627563474","0.31444177627563474","2370","2370","2370"
"10720","0.3429312229156494","0.3429312229156494","0.3429312229156494","2371","2371","2371"
"10725","0.3198934316635132","0.3198934316635132","0.3198934316635132","2372","2372","2372"
"10730","0.3251522064208984","0.3251522064208984","0.3251522064208984","2373","2373","2373"
"10735","0.3251669883728027","0.3251669883728027","0.3251669883728027","2374","2374","2374"
"10740","0.33739409446716306","0.33739409446716306","0.33739409446716306","2375","2375","2375"
"10745","0.3344318628311157","0.3344318628311157","0.3344318628311157","2376","2376","2376"
"10750","0.34795820713043213","0.34795820713043213","0.34795820713043213","2378","2378","2378"
"10755","0.3449284791946411","0.3449284791946411","0.3449284791946411","2379","2379","2379"
"10760","0.34386577606201174","0.34386577606201174","0.34386577606201174","2380","2380","2380"
"10765","0.3540668249130249","0.3540668249130249","0.3540668249130249","2381","2381","2381"
"10770","0.3155085563659668","0.3155085563659668","0.3155085563659668","2382","2382","2382"
"10775","0.3563361644744873","0.3563361644744873","0.3563361644744873","2383","2383","2383"
"10780","0.3270690441131592","0.3270690441131592","0.3270690441131592","2384","2384","2384"
"10785","0.35377957820892336","0.35377957820892336","0.35377957820892336","2385","2385","2385"
"10790","0.34322547912597656","0.34322547912597656","0.34322547912597656","2386","2386","2386"
"10795","0.36052188873291013","0.36052188873291013","0.36052188873291013","2387","2387","2387"
"10800","0.323701286315918","0.323701286315918","0.323701286315918","2389","2389","2389"
"10805","0.35135207176208494","0.35135207176208494","0.35135207176208494","2390","2390","2390"
"10810","0.33613157272338867","0.33613157272338867","0.33613157272338867","2391","2391","2391"
"10815","0.32721357345581054","0.32721357345581054","0.32721357345581054","2392","2392","2392"
"10820","0.3119110107421875","0.3119110107421875","0.3119110107421875","2393","2393","2393"
"10825","0.3170585870742798","0.3170585870742798","0.3170585870742798","2394","2394","2394"
"10830","0.3196500062942505","0.3196500062942505","0.3196500062942505","2395","2395","2395"
"10835","0.3518117904663086","0.3518117904663086","0.3518117904663086","2396","2396","2396"
"10840","0.3191274404525757","0.3191274404525757","0.3191274404525757","2397","2397","2397"
"10845","0.3345553636550903","0.3345553636550903","0.3345553636550903","2398","2398","2398"
"10850","0.3376821756362915","0.3376821756362915","0.3376821756362915","2400","2400","2400"
"10855","0.31296117305755616","0.31296117305755616","0.31296117305755616","2401","2401","2401"
"10860","0.3334315776824951","0.3334315776824951","0.3334315776824951","2402","2402","2402"
"10865","0.3523371696472168","0.3523371696472168","0.3523371696472168","2403","2403","2403"
"10870","0.32065415382385254","0.32065415382385254","0.32065415382385254","2404","2404","2404"
"10875","0.3278341293334961","0.3278341293334961","0.3278341293334961","2405","2405","2405"
"10880","0.3086120367050171","0.3086120367050171","0.3086120367050171","2406","2406","2406"
"10885","0.34118046760559084","0.34118046760559084","0.34118046760559084","2407","2407","2407"
"10890","0.36909196376800535","0.36909196376800535","0.36909196376800535","2408","2408","2408"
"10895","0.30349140167236327","0.30349140167236327","0.30349140167236327","2409","2409","2409"
"10900","0.33944151401519773","0.33944151401519773","0.33944151401519773","2411","2411","2411"
"10905","0.32814137935638427","0.32814137935638427","0.32814137935638427","2412","2412","2412"
"10910","0.3653820037841797","0.3653820037841797","0.3653820037841797","2413","2413","2413"
"10915","0.3324798822402954","0.3324798822402954","0.3324798822402954","2414","2414","2414"
"10920","0.3580148220062256","0.3580148220062256","0.3580148220062256","2415","2415","2415"
"10925","0.3170937061309814","0.3170937061309814","0.3170937061309814","2416","2416","2416"
"10930","0.3366261005401611","0.3366261005401611","0.3366261005401611","2417","2417","2417"
"10935","0.3478454351425171","0.3478454351425171","0.3478454351425171","2418","2418","2418"
"10940","0.31855549812316897","0.31855549812316897","0.31855549812316897","2419","2419","2419"
"10945","0.30766897201538085","0.30766897201538085","0.30766897201538085","2420","2420","2420"
"10950","0.30271291732788086","0.30271291732788086","0.30271291732788086","2422","2422","2422"
"10955","0.32664098739624026","0.32664098739624026","0.32664098739624026","2423","2423","2423"
"10960","0.3371786832809448","0.3371786832809448","0.3371786832809448","2424","2424","2424"
"10965","0.3233154535293579","0.3233154535293579","0.3233154535293579","2425","2425","2425"
"10970","0.33553323745727537","0.33553323745727537","0.33553323745727537","2426","2426","2426"
"10975","0.3302748203277588","0.3302748203277588","0.3302748203277588","2427","2427","2427"
"10980","0.3488622188568115","0.3488622188568115","0.3488622188568115","2428","2428","2428"
"10985","0.36178462505340575","0.36178462505340575","0.36178462505340575","2429","2429","2429"
"10990","0.3248978853225708","0.3248978853225708","0.3248978853225708","2430","2430","2430"
"10995","0.3032751798629761","0.3032751798629761","0.3032751798629761","2431","2431","2431"
"11000","0.34257256984710693","0.34257256984710693","0.34257256984710693","2433","2433","2433"
"11005","0.32373068332672117","0.32373068332672117","0.32373068332672117","2435","2435","2435"
"11010","0.32777841091156007","0.32777841091156007","0.32777841091156007","2436","2436","2436"
"11015","0.33688294887542725","0.33688294887542725","0.33688294887542725","2437","2437","2437"
"11020","0.3444761514663696","0.3444761514663696","0.3444761514663696","2438","2438","2438"
"11025","0.34314475059509275","0.34314475059509275","0.34314475059509275","2439","2439","2439"
"11030","0.31998529434204104","0.31998529434204104","0.31998529434204104","2440","2440","2440"
"11035","0.3475481986999512","0.3475481986999512","0.3475481986999512","2441","2441","2441"
"11040","0.3353830337524414","0.3353830337524414","0.3353830337524414","2442","2442","2442"
"11045","0.3240832328796387","0.3240832328796387","0.3240832328796387","2443","2443","2443"
"11050","0.3044600486755371","0.3044600486755371","0.3044600486755371","2445","2445","2445"
"11055","0.3083930730819702","0.3083930730819702","0.3083930730819702","2446","2446","2446"
"11060","0.3514225482940674","0.3514225482940674","0.3514225482940674","2447","2447","2447"
"11065","0.3363706350326538","0.3363706350326538","0.3363706350326538","2448","2448","2448"
"11070","0.34907748699188235","0.34907748699188235","0.34907748699188235","2449","2449","2449"
"11075","0.3069225072860718","0.3069225072860718","0.3069225072860718","2450","2450","2450"
"11080","0.33560595512390134","0.33560595512390134","0.33560595512390134","2451","2451","2451"
"11085","0.3103539705276489","0.3103539705276489","0.3103539705276489","2452","2452","2452"
"11090","0.3495873212814331","0.3495873212814331","0.3495873212814331","2453","2453","2453"
"11095","0.34544346332550047","0.34544346332550047","0.34544346332550047","2454","2454","2454"
"11100","0.38125340938568114","0.38125340938568114","0.38125340938568114","2456","2456","2456"
"11105","0.3822107553482056","0.3822107553482056","0.3822107553482056","2457","2457","2457"
"11110","0.35234756469726564","0.35234756469726564","0.35234756469726564","2458","2458","2458"
"11115","0.29319889545440675","0.29319889545440675","0.29319889545440675","2459","2459","2459"
"11120","0.34537839889526367","0.34537839889526367","0.34537839889526367","2460","2460","2460"
"11125","0.32862105369567873","0.32862105369567873","0.32862105369567873","2461","2461","2461"
"11130","0.316528844833374","0.316528844833374","0.316528844833374","2462","2462","2462"
"11135","0.3747537612915039","0.3747537612915039","0.3747537612915039","2463","2463","2463"
"11140","0.3338660478591919","0.3338660478591919","0.3338660478591919","2464","2464","2464"
"11145","0.30984337329864503","0.30984337329864503","0.30984337329864503","2465","2465","2465"
"11150","0.3250582218170166","0.3250582218170166","0.3250582218170166","2467","2467","2467"
"11155","0.3427607297897339","0.3427607297897339","0.3427607297897339","2468","2468","2468"
"11160","0.3115411281585693","0.3115411281585693","0.3115411281585693","2469","2469","2469"
"11165","0.3234310865402222","0.3234310865402222","0.3234310865402222","2470","2470","2470"
"11170","0.33373270034790037","0.33373270034790037","0.33373270034790037","2471","2471","2471"
"11175","0.30230586528778075","0.30230586528778075","0.30230586528778075","2472","2472","2472"
"11180","0.3206024169921875","0.3206024169921875","0.3206024169921875","2473","2473","2473"
"11185","0.33270726203918455","0.33270726203918455","0.33270726203918455","2474","2474","2474"
"11190","0.3459532022476196","0.3459532022476196","0.3459532022476196","2475","2475","2475"
"11195","0.27929048538208007","0.27929048538208007","0.27929048538208007","2476","2476","2476"
"11200","0.31765079498291016","0.31765079498291016","0.31765079498291016","2478","2478","2478"
"11205","0.3192117691040039","0.3192117691040039","0.3192117691040039","2479","2479","2479"
"11210","0.30124192237854003","0.30124192237854003","0.30124192237854003","2480","2480","2480"
"11215","0.30937833786010743","0.30937833786010743","0.30937833786010743","2481","2481","2481"
"11220","0.31316211223602297","0.31316211223602297","0.31316211223602297","2482","2482","2482"
"11225","0.3235009670257568","0.3235009670257568","0.3235009670257568","2483","2483","2483"
"11230","0.3448456048965454","0.3448456048965454","0.3448456048965454","2484","2484","2484"
"11235","0.3162702083587646","0.3162702083587646","0.3162702083587646","2485","2485","2485"
"11240","0.3504952907562256","0.3504952907562256","0.3504952907562256","2486","2486","2486"
"11245","0.3214759349822998","0.3214759349822998","0.3214759349822998","2487","2487","2487"
"11250","0.31508209705352785","0.31508209705352785","0.31508209705352785","2489","2489","2489"
"11255","0.32061357498168946","0.32061357498168946","0.32061357498168946","2490","2490","2490"
"11260","0.2949016809463501","0.2949016809463501","0.2949016809463501","2491","2491","2491"
"11265","0.306921124458313","0.306921124458313","0.306921124458313","2492","2492","2492"
"11270","0.3113767385482788","0.3113767385482788","0.3113767385482788","2493","2493","2493"
"11275","0.32902438640594484","0.32902438640594484","0.32902438640594484","2494","2494","2494"
"11280","0.3733999252319336","0.3733999252319336","0.3733999252319336","2495","2495","2495"
"11285","0.3183027505874634","0.3183027505874634","0.3183027505874634","2496","2496","2496"
"11290","0.317909836769104","0.317909836769104","0.317909836769104","2497","2497","2497"
"11295","0.34002461433410647","0.34002461433410647","0.34002461433410647","2498","2498","2498"
"11300","0.3110936403274536","0.3110936403274536","0.3110936403274536","2500","2500","2500"
"11305","0.330021071434021","0.330021071434021","0.330021071434021","2501","2501","2501"
"11310","0.3086198329925537","0.3086198329925537","0.3086198329925537","2502","2502","2502"
"11315","0.32806243896484377","0.32806243896484377","0.32806243896484377","2503","2503","2503"
"11320","0.3313274621963501","0.3313274621963501","0.3313274621963501","2504","2504","2504"
"11325","0.3107809782028198","0.3107809782028198","0.3107809782028198","2505","2505","2505"
"11330","0.3153221130371094","0.3153221130371094","0.3153221130371094","2506","2506","2506"
"11335","0.3255534887313843","0.3255534887313843","0.3255534887313843","2507","2507","2507"
"11340","0.316532301902771","0.316532301902771","0.316532301902771","2508","2508","2508"
"11345","0.3422780275344849","0.3422780275344849","0.3422780275344849","2509","2509","2509"
"11350","0.3197746753692627","0.3197746753692627","0.3197746753692627","2511","2511","2511"
"11355","0.3041363716125488","0.3041363716125488","0.3041363716125488","2512","2512","2512"
"11360","0.34864044189453125","0.34864044189453125","0.34864044189453125","2513","2513","2513"
"11365","0.34597554206848147","0.34597554206848147","0.34597554206848147","2514","2514","2514"
"11370","0.32318897247314454","0.32318897247314454","0.32318897247314454","2515","2515","2515"
"11375","0.3500410556793213","0.3500410556793213","0.3500410556793213","2516","2516","2516"
"11380","0.3248746395111084","0.3248746395111084","0.3248746395111084","2517","2517","2517"
"11385","0.30878143310546874","0.30878143310546874","0.30878143310546874","2518","2518","2518"
"11390","0.3111916780471802","0.3111916780471802","0.3111916780471802","2519","2519","2519"
"11395","0.33837978839874266","0.33837978839874266","0.33837978839874266","2520","2520","2520"
"11400","0.352040696144104","0.352040696144104","0.352040696144104","2522","2522","2522"
"11405","0.2921839475631714","0.2921839475631714","0.2921839475631714","2523","2523","2523"
"11410","0.3009979724884033","0.3009979724884033","0.3009979724884033","2524","2524","2524"
"11415","0.29387431144714354","0.29387431144714354","0.29387431144714354","2525","2525","2525"
"11420","0.31704006195068357","0.31704006195068357","0.31704006195068357","2526","2526","2526"
"11425","0.32781305313110354","0.32781305313110354","0.32781305313110354","2527","2527","2527"
"11430","0.3247541427612305","0.3247541427612305","0.3247541427612305","2528","2528","2528"
"11435","0.33871052265167234","0.33871052265167234","0.33871052265167234","2529","2529","2529"
"11440","0.33072752952575685","0.33072752952575685","0.33072752952575685","2530","2530","2530"
"11445","0.33158276081085203","0.33158276081085203","0.33158276081085203","2531","2531","2531"
"11450","0.3199657678604126","0.3199657678604126","0.3199657678604126","2533","2533","2533"
"11455","0.3406574010848999","0.3406574010848999","0.3406574010848999","2534","2534","2534"
"11460","0.3189617395401001","0.3189617395401001","0.3189617395401001","2535","2535","2535"
"11465","0.3173856019973755","0.3173856019973755","0.3173856019973755","2536","2536","2536"
"11470","0.28890817165374755","0.28890817165374755","0.28890817165374755","2537","2537","2537"
"11475","0.31690282821655275","0.31690282821655275","0.31690282821655275","2538","2538","2538"
"11480","0.31150481700897215","0.31150481700897215","0.31150481700897215","2539","2539","2539"
"11485","0.2910958528518677","0.2910958528518677","0.2910958528518677","2540","2540","2540"
"11490","0.3216521978378296","0.3216521978378296","0.3216521978378296","2541","2541","2541"
"11495","0.2980384826660156","0.2980384826660156","0.2980384826660156","2542","2542","2542"
"11500","0.3038170576095581","0.3038170576095581","0.3038170576095581","2544","2544","2544"
"11505","0.31672165393829343","0.31672165393829343","0.31672165393829343","2545","2545","2545"
"11510","0.3214491128921509","0.3214491128921509","0.3214491128921509","2546","2546","2546"
"11515","0.3124546051025391","0.3124546051025391","0.3124546051025391","2547","2547","2547"
"11520","0.301886773109436","0.301886773109436","0.301886773109436","2548","2548","2548"
"11525","0.337928032875061","0.337928032875061","0.337928032875061","2549","2549","2549"
"11530","0.3394132137298584","0.3394132137298584","0.3394132137298584","2550","2550","2550"
"11535","0.3170509338378906","0.3170509338378906","0.3170509338378906","2551","2551","2551"
"11540","0.32591094970703127","0.32591094970703127","0.32591094970703127","2552","2552","2552"
"11545","0.28650412559509275","0.28650412559509275","0.28650412559509275","2553","2553","2553"
"11550","0.32578511238098146","0.32578511238098146","0.32578511238098146","2555","2555","2555"
"11555","0.29596714973449706","0.29596714973449706","0.29596714973449706","2556","2556","2556"
"11560","0.32030770778656004","0.32030770778656004","0.32030770778656004","2557","2557","2557"
"11565","0.3188917636871338","0.3188917636871338","0.3188917636871338","2558","2558","2558"
"11570","0.32243731021881106","0.32243731021881106","0.32243731021881106","2559","2559","2559"
"11575","0.31829538345336916","0.31829538345336916","0.31829538345336916","2560","2560","2560"
"11580","0.3337888479232788","0.3337888479232788","0.3337888479232788","2561","2561","2561"
"11585","0.3049834489822388","0.3049834489822388","0.3049834489822388","2562","2562","2562"
"11590","0.32096171379089355","0.32096171379089355","0.32096171379089355","2563","2563","2563"
"11595","0.2920305490493774","0.2920305490493774","0.2920305490493774","2564","2564","2564"
"11600","0.28392643928527833","0.28392643928527833","0.28392643928527833","2566","2566","2566"
"11605","0.316516637802124","0.316516637802124","0.316516637802124","2567","2567","2567"
"11610","0.32033278942108157","0.32033278942108157","0.32033278942108157","2568","2568","2568"
"11615","0.34622607231140134","0.34622607231140134","0.34622607231140134","2569","2569","2569"
"11620","0.3292772054672241","0.3292772054672241","0.3292772054672241","2570","2570","2570"
"11625","0.3164137601852417","0.3164137601852417","0.3164137601852417","2571","2571","2571"
"11630","0.32179324626922606","0.32179324626922606","0.32179324626922606","2572","2572","2572"
"11635","0.322890043258667","0.322890043258667","0.322890043258667","2573","2573","2573"
"11640","0.29685416221618655","0.29685416221618655","0.29685416221618655","2574","2574","2574"
"11645","0.31538798809051516","0.31538798809051516","0.31538798809051516","2575","2575","2575"
"11650","0.30976014137268065","0.30976014137268065","0.30976014137268065","2577","2577","2577"
"11655","0.32741734981536863","0.32741734981536863","0.32741734981536863","2578","2578","2578"
"11660","0.33207335472106936","0.33207335472106936","0.33207335472106936","2579","2579","2579"
"11665","0.30435471534729003","0.30435471534729003","0.30435471534729003","2580","2580","2580"
"11670","0.30688178539276123","0.30688178539276123","0.30688178539276123","2581","2581","2581"
"11675","0.30470244884490966","0.30470244884490966","0.30470244884490966","2582","2582","2582"
"11680","0.30158531665802","0.30158531665802","0.30158531665802","2583","2583","2583"
"11685","0.31499147415161133","0.31499147415161133","0.31499147415161133","2584","2584","2584"
"11690","0.31591641902923584","0.31591641902923584","0.31591641902923584","2585","2585","2585"
"11695","0.30298514366149903","0.30298514366149903","0.30298514366149903","2586","2586","2586"
"11700","0.31668696403503416","0.31668696403503416","0.31668696403503416","2588","2588","2588"
"11705","0.3152708292007446","0.3152708292007446","0.3152708292007446","2589","2589","2589"
"11710","0.30276386737823485","0.30276386737823485","0.30276386737823485","2590","2590","2590"
"11715","0.3186183452606201","0.3186183452606201","0.3186183452606201","2591","2591","2591"
"11720","0.31281816959381104","0.31281816959381104","0.31281816959381104","2592","2592","2592"
"11725","0.328019905090332","0.328019905090332","0.328019905090332","2593","2593","2593"
"11730","0.30156033039093016","0.30156033039093016","0.30156033039093016","2594","2594","2594"
"11735","0.33989126682281495","0.33989126682281495","0.33989126682281495","2595","2595","2595"
"11740","0.3089204549789429","0.3089204549789429","0.3089204549789429","2596","2596","2596"
"11745","0.3101996421813965","0.3101996421813965","0.3101996421813965","2597","2597","2597"
"11750","0.2916044950485229","0.2916044950485229","0.2916044950485229","2599","2599","2599"
"11755","0.3400428056716919","0.3400428056716919","0.3400428056716919","2600","2600","2600"
"11760","0.3014089107513428","0.3014089107513428","0.3014089107513428","2601","2601","2601"
"11765","0.3282249689102173","0.3282249689102173","0.3282249689102173","2602","2602","2602"
"11770","0.3008239984512329","0.3008239984512329","0.3008239984512329","2603","2603","2603"
"11775","0.29879882335662844","0.29879882335662844","0.29879882335662844","2604","2604","2604"
"11780","0.3152341604232788","0.3152341604232788","0.3152341604232788","2605","2605","2605"
"11785","0.3149240493774414","0.3149240493774414","0.3149240493774414","2606","2606","2606"
"11790","0.31781635284423826","0.31781635284423826","0.31781635284423826","2607","2607","2607"
"11795","0.35348973274230955","0.35348973274230955","0.35348973274230955","2608","2608","2608"
"11800","0.32772371768951414","0.32772371768951414","0.32772371768951414","2610","2610","2610"
"11805","0.3147170066833496","0.3147170066833496","0.3147170066833496","2611","2611","2611"
"11810","0.3156318664550781","0.3156318664550781","0.3156318664550781","2612","2612","2612"
"11815","0.3513402223587036","0.3513402223587036","0.3513402223587036","2613","2613","2613"
"11820","0.3056185722351074","0.3056185722351074","0.3056185722351074","2614","2614","2614"
"11825","0.303471040725708","0.303471040725708","0.303471040725708","2615","2615","2615"
"11830","0.3238609552383423","0.3238609552383423","0.3238609552383423","2616","2616","2616"
"11835","0.3354166030883789","0.3354166030883789","0.3354166030883789","2617","2617","2617"
"11840","0.31065030097961427","0.31065030097961427","0.31065030097961427","2618","2618","2618"
"11845","0.2922223567962646","0.2922223567962646","0.2922223567962646","2619","2619","2619"
"11850","0.32007243633270266","0.32007243633270266","0.32007243633270266","2621","2621","2621"
"11855","0.29240264892578127","0.29240264892578127","0.29240264892578127","2622","2622","2622"
"11860","0.31798419952392576","0.31798419952392576","0.31798419952392576","2623","2623","2623"
"11865","0.2938858509063721","0.2938858509063721","0.2938858509063721","2624","2624","2624"
"11870","0.30893721580505373","0.30893721580505373","0.30893721580505373","2625","2625","2625"
"11875","0.30402209758758547","0.30402209758758547","0.30402209758758547","2626","2626","2626"
"11880","0.29190447330474856","0.29190447330474856","0.29190447330474856","2627","2627","2627"
"11885","0.3215644836425781","0.3215644836425781","0.3215644836425781","2628","2628","2628"
"11890","0.3084855079650879","0.3084855079650879","0.3084855079650879","2629","2629","2629"
"11895","0.3249747037887573","0.3249747037887573","0.3249747037887573","2630","2630","2630"
"11900","0.3145861864089966","0.3145861864089966","0.3145861864089966","2632","2632","2632"
"11905","0.3168412923812866","0.3168412923812866","0.3168412923812866","2633","2633","2633"
"11910","0.3317939519882202","0.3317939519882202","0.3317939519882202","2634","2634","2634"
"11915","0.3279387950897217","0.3279387950897217","0.3279387950897217","2635","2635","2635"
"11920","0.2864926099777222","0.2864926099777222","0.2864926099777222","2636","2636","2636"
"11925","0.3122009992599487","0.3122009992599487","0.3122009992599487","2637","2637","2637"
"11930","0.3200416326522827","0.3200416326522827","0.3200416326522827","2638","2638","2638"
"11935","0.31201269626617434","0.31201269626617434","0.31201269626617434","2639","2639","2639"
"11940","0.29953513145446775","0.29953513145446775","0.29953513145446775","2640","2640","2640"
"11945","0.3150047302246094","0.3150047302246094","0.3150047302246094","2641","2641","2641"
"11950","0.31298682689666746","0.31298682689666746","0.31298682689666746","2643","2643","2643"
"11955","0.31969616413116453","0.31969616413116453","0.31969616413116453","2644","2644","2644"
"11960","0.3246797800064087","0.3246797800064087","0.3246797800064087","2645","2645","2645"
"11965","0.27986218929290774","0.27986218929290774","0.27986218929290774","2646","2646","2646"
"11970","0.30705320835113525","0.30705320835113525","0.30705320835113525","2647","2647","2647"
"11975","0.3366149663925171","0.3366149663925171","0.3366149663925171","2648","2648","2648"
"11980","0.29907727241516113","0.29907727241516113","0.29907727241516113","2649","2649","2649"
"11985","0.30314362049102783","0.30314362049102783","0.30314362049102783","2650","2650","2650"
"11990","0.286460280418396","0.286460280418396","0.286460280418396","2651","2651","2651"
"11995","0.32006192207336426","0.32006192207336426","0.32006192207336426","2652","2652","2652"
"12000","0.29674391746520995","0.29674391746520995","0.29674391746520995","2654","2654","2654"
"12005","0.3249594926834106","0.3249594926834106","0.3249594926834106","2656","2656","2656"
"12010","0.31735384464263916","0.31735384464263916","0.31735384464263916","2657","2657","2657"
"12015","0.29546048641204836","0.29546048641204836","0.29546048641204836","2658","2658","2658"
"12020","0.328721022605896","0.328721022605896","0.328721022605896","2659","2659","2659"
"12025","0.3012896776199341","0.3012896776199341","0.3012896776199341","2660","2660","2660"
"12030","0.31189355850219724","0.31189355850219724","0.31189355850219724","2661","2661","2661"
"12035","0.32302536964416506","0.32302536964416506","0.32302536964416506","2662","2662","2662"
"12040","0.2939926624298096","0.2939926624298096","0.2939926624298096","2663","2663","2663"
"12045","0.2920252561569214","0.2920252561569214","0.2920252561569214","2664","2664","2664"
"12050","0.30646934509277346","0.30646934509277346","0.30646934509277346","2666","2666","2666"
"12055","0.3048257350921631","0.3048257350921631","0.3048257350921631","2667","2667","2667"
"12060","0.30176405906677245","0.30176405906677245","0.30176405906677245","2668","2668","2668"
"12065","0.3087517023086548","0.3087517023086548","0.3087517023086548","2669","2669","2669"
"12070","0.30666046142578124","0.30666046142578124","0.30666046142578124","2670","2670","2670"
"12075","0.3166328191757202","0.3166328191757202","0.3166328191757202","2671","2671","2671"
"12080","0.31812913417816163","0.31812913417816163","0.31812913417816163","2672","2672","2672"
"12085","0.2951427221298218","0.2951427221298218","0.2951427221298218","2673","2673","2673"
"12090","0.30165174007415774","0.30165174007415774","0.30165174007415774","2674","2674","2674"
"12095","0.3130504608154297","0.3130504608154297","0.3130504608154297","2675","2675","2675"
"12100","0.3087826490402222","0.3087826490402222","0.3087826490402222","2677","2677","2677"
"12105","0.3354836940765381","0.3354836940765381","0.3354836940765381","2678","2678","2678"
"12110","0.3315941572189331","0.3315941572189331","0.3315941572189331","2679","2679","2679"
"12115","0.31487016677856444","0.31487016677856444","0.31487016677856444","2680","2680","2680"
"12120","0.29105339050292967","0.29105339050292967","0.29105339050292967","2681","2681","2681"
"12125","0.3168365240097046","0.3168365240097046","0.3168365240097046","2682","2682","2682"
"12130","0.2941283702850342","0.2941283702850342","0.2941283702850342","2683","2683","2683"
"12135","0.32329893112182617","0.32329893112182617","0.32329893112182617","2684","2684","2684"
"12140","0.2950178861618042","0.2950178861618042","0.2950178861618042","2685","2685","2685"
"12145","0.3257646322250366","0.3257646322250366","0.3257646322250366","2686","2686","2686"
"12150","0.30700509548187255","0.30700509548187255","0.30700509548187255","2688","2688","2688"
"12155","0.28181416988372804","0.28181416988372804","0.28181416988372804","2689","2689","2689"
"12160","0.29815566539764404","0.29815566539764404","0.29815566539764404","2690","2690","2690"
"12165","0.2968479633331299","0.2968479633331299","0.2968479633331299","2691","2691","2691"
"12170","0.31464908123016355","0.31464908123016355","0.31464908123016355","2692","2692","2692"
"12175","0.30645697116851806","0.30645697116851806","0.30645697116851806","2693","2693","2693"
"12180","0.2988077878952026","0.2988077878952026","0.2988077878952026","2694","2694","2694"
"12185","0.2928215980529785","0.2928215980529785","0.2928215980529785","2695","2695","2695"
"12190","0.31385159492492676","0.31385159492492676","0.31385159492492676","2696","2696","2696"
"12195","0.3126141786575317","0.3126141786575317","0.3126141786575317","2697","2697","2697"
"12200","0.2986457347869873","0.2986457347869873","0.2986457347869873","2699","2699","2699"
"12205","0.30485923290252687","0.30485923290252687","0.30485923290252687","2700","2700","2700"
"12210","0.2975426912307739","0.2975426912307739","0.2975426912307739","2701","2701","2701"
"12215","0.2859084367752075","0.2859084367752075","0.2859084367752075","2702","2702","2702"
"12220","0.29796860218048093","0.29796860218048093","0.29796860218048093","2703","2703","2703"
"12225","0.29285264015197754","0.29285264015197754","0.29285264015197754","2704","2704","2704"
"12230","0.3072391748428345","0.3072391748428345","0.3072391748428345","2705","2705","2705"
"12235","0.31822068691253663","0.31822068691253663","0.31822068691253663","2706","2706","2706"
"12240","0.30902905464172364","0.30902905464172364","0.30902905464172364","2707","2707","2707"
"12245","0.3053508520126343","0.3053508520126343","0.3053508520126343","2708","2708","2708"
"12250","0.27185769081115724","0.27185769081115724","0.27185769081115724","2710","2710","2710"
"12255","0.28224830627441405","0.28224830627441405","0.28224830627441405","2711","2711","2711"
"12260","0.3049978017807007","0.3049978017807007","0.3049978017807007","2712","2712","2712"
"12265","0.29348466396331785","0.29348466396331785","0.29348466396331785","2713","2713","2713"
"12270","0.31453738212585447","0.31453738212585447","0.31453738212585447","2714","2714","2714"
"12275","0.29438798427581786","0.29438798427581786","0.29438798427581786","2715","2715","2715"
"12280","0.28902909755706785","0.28902909755706785","0.28902909755706785","2716","2716","2716"
"12285","0.3378802061080933","0.3378802061080933","0.3378802061080933","2717","2717","2717"
"12290","0.3090842247009277","0.3090842247009277","0.3090842247009277","2718","2718","2718"
"12295","0.29681637287139895","0.29681637287139895","0.29681637287139895","2719","2719","2719"
"12300","0.3050257682800293","0.3050257682800293","0.3050257682800293","2721","2721","2721"
"12305","0.2828744649887085","0.2828744649887085","0.2828744649887085","2722","2722","2722"
"12310","0.3099040508270264","0.3099040508270264","0.3099040508270264","2723","2723","2723"
"12315","0.2933953762054443","0.2933953762054443","0.2933953762054443","2724","2724","2724"
"12320","0.30014331340789796","0.30014331340789796","0.30014331340789796","2725","2725","2725"
"12325","0.3009333610534668","0.3009333610534668","0.3009333610534668","2726","2726","2726"
"12330","0.28215441703796384","0.28215441703796384","0.28215441703796384","2727","2727","2727"
"12335","0.32183160781860354","0.32183160781860354","0.32183160781860354","2728","2728","2728"
"12340","0.32842283248901366","0.32842283248901366","0.32842283248901366","2729","2729","2729"
"12345","0.3141416072845459","0.3141416072845459","0.3141416072845459","2730","2730","2730"
"12350","0.2765159845352173","0.2765159845352173","0.2765159845352173","2732","2732","2732"
"12355","0.27757649421691893","0.27757649421691893","0.27757649421691893","2733","2733","2733"
"12360","0.2954421043395996","0.2954421043395996","0.2954421043395996","2734","2734","2734"
"12365","0.3132753372192383","0.3132753372192383","0.3132753372192383","2735","2735","2735"
"12370","0.2849354028701782","0.2849354028701782","0.2849354028701782","2736","2736","2736"
"12375","0.3030074596405029","0.3030074596405029","0.3030074596405029","2737","2737","2737"
"12380","0.33318517208099363","0.33318517208099363","0.33318517208099363","2738","2738","2738"
"12385","0.3089932680130005","0.3089932680130005","0.3089932680130005","2739","2739","2739"
"12390","0.3088445901870728","0.3088445901870728","0.3088445901870728","2740","2740","2740"
"12395","0.2988617181777954","0.2988617181777954","0.2988617181777954","2741","2741","2741"
"12400","0.32258243560791017","0.32258243560791017","0.32258243560791017","2743","2743","2743"
"12405","0.30700068473815917","0.30700068473815917","0.30700068473815917","2744","2744","2744"
"12410","0.3122761011123657","0.3122761011123657","0.3122761011123657","2745","2745","2745"
"12415","0.2830698490142822","0.2830698490142822","0.2830698490142822","2746","2746","2746"
"12420","0.3107661247253418","0.3107661247253418","0.3107661247253418","2747","2747","2747"
"12425","0.28884172439575195","0.28884172439575195","0.28884172439575195","2748","2748","2748"
"12430","0.2880017042160034","0.2880017042160034","0.2880017042160034","2749","2749","2749"
"12435","0.3208897113800049","0.3208897113800049","0.3208897113800049","2750","2750","2750"
"12440","0.33997631072998047","0.33997631072998047","0.33997631072998047","2751","2751","2751"
"12445","0.31464409828186035","0.31464409828186035","0.31464409828186035","2752","2752","2752"
"12450","0.3083370208740234","0.3083370208740234","0.3083370208740234","2754","2754","2754"
"12455","0.297116756439209","0.297116756439209","0.297116756439209","2755","2755","2755"
"12460","0.3101577043533325","0.3101577043533325","0.3101577043533325","2756","2756","2756"
"12465","0.3096348762512207","0.3096348762512207","0.3096348762512207","2757","2757","2757"
"12470","0.28229053020477296","0.28229053020477296","0.28229053020477296","2758","2758","2758"
"12475","0.30088272094726565","0.30088272094726565","0.30088272094726565","2759","2759","2759"
"12480","0.29075031280517577","0.29075031280517577","0.29075031280517577","2760","2760","2760"
"12485","0.31175410747528076","0.31175410747528076","0.31175410747528076","2761","2761","2761"
"12490","0.3122105121612549","0.3122105121612549","0.3122105121612549","2762","2762","2762"
"12495","0.2884294271469116","0.2884294271469116","0.2884294271469116","2763","2763","2763"
"12500","0.2957711935043335","0.2957711935043335","0.2957711935043335","2765","2765","2765"
"12505","0.32424561977386473","0.32424561977386473","0.32424561977386473","2766","2766","2766"
"12510","0.27561352252960203","0.27561352252960203","0.27561352252960203","2767","2767","2767"
"12515","0.31699609756469727","0.31699609756469727","0.31699609756469727","2768","2768","2768"
"12520","0.3091597080230713","0.3091597080230713","0.3091597080230713","2769","2769","2769"
"12525","0.29139556884765627","0.29139556884765627","0.29139556884765627","2770","2770","2770"
"12530","0.3038046836853027","0.3038046836853027","0.3038046836853027","2771","2771","2771"
"12535","0.28827543258666993","0.28827543258666993","0.28827543258666993","2772","2772","2772"
"12540","0.2904827117919922","0.2904827117919922","0.2904827117919922","2773","2773","2773"
"12545","0.28539528846740725","0.28539528846740725","0.28539528846740725","2774","2774","2774"
"12550","0.32127697467803956","0.32127697467803956","0.32127697467803956","2776","2776","2776"
"12555","0.3103856086730957","0.3103856086730957","0.3103856086730957","2777","2777","2777"
"12560","0.29268383979797363","0.29268383979797363","0.29268383979797363","2778","2778","2778"
"12565","0.29205520153045655","0.29205520153045655","0.29205520153045655","2779","2779","2779"
"12570","0.3009601831436157","0.3009601831436157","0.3009601831436157","2780","2780","2780"
"12575","0.2920093297958374","0.2920093297958374","0.2920093297958374","2781","2781","2781"
"12580","0.2838504076004028","0.2838504076004028","0.2838504076004028","2782","2782","2782"
"12585","0.3282089471817017","0.3282089471817017","0.3282089471817017","2783","2783","2783"
"12590","0.31431899070739744","0.31431899070739744","0.31431899070739744","2784","2784","2784"
"12595","0.29915709495544435","0.29915709495544435","0.29915709495544435","2785","2785","2785"
"12600","0.30502521991729736","0.30502521991729736","0.30502521991729736","2787","2787","2787"
"12605","0.28937554359436035","0.28937554359436035","0.28937554359436035","2788","2788","2788"
"12610","0.3010650634765625","0.3010650634765625","0.3010650634765625","2789","2789","2789"
"12615","0.30584909915924074","0.30584909915924074","0.30584909915924074","2790","2790","2790"
"12620","0.2699769973754883","0.2699769973754883","0.2699769973754883","2791","2791","2791"
"12625","0.30505523681640623","0.30505523681640623","0.30505523681640623","2792","2792","2792"
"12630","0.3163932800292969","0.3163932800292969","0.3163932800292969","2793","2793","2793"
"12635","0.3098968505859375","0.3098968505859375","0.3098968505859375","2794","2794","2794"
"12640","0.2976967811584473","0.2976967811584473","0.2976967811584473","2795","2795","2795"
"12645","0.29066712856292726","0.29066712856292726","0.29066712856292726","2796","2796","2796"
"12650","0.28168797492980957","0.28168797492980957","0.28168797492980957","2798","2798","2798"
"12655","0.2850430727005005","0.2850430727005005","0.2850430727005005","2799","2799","2799"
"12660","0.2967087745666504","0.2967087745666504","0.2967087745666504","2800","2800","2800"
"12665","0.3045616626739502","0.3045616626739502","0.3045616626739502","2801","2801","2801"
"12670","0.2981069326400757","0.2981069326400757","0.2981069326400757","2802","2802","2802"
"12675","0.2962051868438721","0.2962051868438721","0.2962051868438721","2803","2803","2803"
"12680","0.30302250385284424","0.30302250385284424","0.30302250385284424","2804","2804","2804"
"12685","0.2941059350967407","0.2941059350967407","0.2941059350967407","2805","2805","2805"
"12690","0.28280646800994874","0.28280646800994874","0.28280646800994874","2806","2806","2806"
"12695","0.2661577224731445","0.2661577224731445","0.2661577224731445","2807","2807","2807"
"12700","0.2955151557922363","0.2955151557922363","0.2955151557922363","2809","2809","2809"
"12705","0.2676103591918945","0.2676103591918945","0.2676103591918945","2810","2810","2810"
"12710","0.3007622003555298","0.3007622003555298","0.3007622003555298","2811","2811","2811"
"12715","0.3162844657897949","0.3162844657897949","0.3162844657897949","2812","2812","2812"
"12720","0.2952087879180908","0.2952087879180908","0.2952087879180908","2813","2813","2813"
"12725","0.2928848028182983","0.2928848028182983","0.2928848028182983","2814","2814","2814"
"12730","0.3138873815536499","0.3138873815536499","0.3138873815536499","2815","2815","2815"
"12735","0.2925276279449463","0.2925276279449463","0.2925276279449463","2816","2816","2816"
"12740","0.2762728452682495","0.2762728452682495","0.2762728452682495","2817","2817","2817"
"12745","0.3029672384262085","0.3029672384262085","0.3029672384262085","2818","2818","2818"
"12750","0.28350913524627686","0.28350913524627686","0.28350913524627686","2820","2820","2820"
"12755","0.29979763031005857","0.29979763031005857","0.29979763031005857","2821","2821","2821"
"12760","0.28109517097473147","0.28109517097473147","0.28109517097473147","2822","2822","2822"
"12765","0.29158926010131836","0.29158926010131836","0.29158926010131836","2823","2823","2823"
"12770","0.30116169452667235","0.30116169452667235","0.30116169452667235","2824","2824","2824"
"12775","0.3352821826934814","0.3352821826934814","0.3352821826934814","2825","2825","2825"
"12780","0.3297034740447998","0.3297034740447998","0.3297034740447998","2826","2826","2826"
"12785","0.29351162910461426","0.29351162910461426","0.29351162910461426","2827","2827","2827"
"12790","0.3154107332229614","0.3154107332229614","0.3154107332229614","2828","2828","2828"
"12795","0.28978586196899414","0.28978586196899414","0.28978586196899414","2829","2829","2829"
"12800","0.3150580644607544","0.3150580644607544","0.3150580644607544","2831","2831","2831"
"12805","0.28185176849365234","0.28185176849365234","0.28185176849365234","2832","2832","2832"
"12810","0.3181568384170532","0.3181568384170532","0.3181568384170532","2833","2833","2833"
"12815","0.29865322113037107","0.29865322113037107","0.29865322113037107","2834","2834","2834"
"12820","0.3140765428543091","0.3140765428543091","0.3140765428543091","2835","2835","2835"
"12825","0.28667094707489016","0.28667094707489016","0.28667094707489016","2836","2836","2836"
"12830","0.2945248603820801","0.2945248603820801","0.2945248603820801","2837","2837","2837"
"12835","0.2802365779876709","0.2802365779876709","0.2802365779876709","2838","2838","2838"
"12840","0.3028740167617798","0.3028740167617798","0.3028740167617798","2839","2839","2839"
"12845","0.28902692794799806","0.28902692794799806","0.28902692794799806","2840","2840","2840"
"12850","0.2945359945297241","0.2945359945297241","0.2945359945297241","2842","2842","2842"
"12855","0.30103282928466796","0.30103282928466796","0.30103282928466796","2843","2843","2843"
"12860","0.27558801174163816","0.27558801174163816","0.27558801174163816","2844","2844","2844"
"12865","0.30480778217315674","0.30480778217315674","0.30480778217315674","2845","2845","2845"
"12870","0.30184407234191896","0.30184407234191896","0.30184407234191896","2846","2846","2846"
"12875","0.28010058403015137","0.28010058403015137","0.28010058403015137","2847","2847","2847"
"12880","0.30358195304870605","0.30358195304870605","0.30358195304870605","2848","2848","2848"
"12885","0.3137516498565674","0.3137516498565674","0.3137516498565674","2849","2849","2849"
"12890","0.2963894844055176","0.2963894844055176","0.2963894844055176","2850","2850","2850"
"12895","0.26595895290374755","0.26595895290374755","0.26595895290374755","2851","2851","2851"
"12900","0.31186275482177733","0.31186275482177733","0.31186275482177733","2853","2853","2853"
"12905","0.3302071332931519","0.3302071332931519","0.3302071332931519","2854","2854","2854"
"12910","0.2829209566116333","0.2829209566116333","0.2829209566116333","2855","2855","2855"
"12915","0.2797865867614746","0.2797865867614746","0.2797865867614746","2856","2856","2856"
"12920","0.27334108352661135","0.27334108352661135","0.27334108352661135","2857","2857","2857"
"12925","0.286866569519043","0.286866569519043","0.286866569519043","2858","2858","2858"
"12930","0.30840697288513186","0.30840697288513186","0.30840697288513186","2859","2859","2859"
"12935","0.29923603534698484","0.29923603534698484","0.29923603534698484","2860","2860","2860"
"12940","0.27225494384765625","0.27225494384765625","0.27225494384765625","2861","2861","2861"
"12945","0.28051774501800536","0.28051774501800536","0.28051774501800536","2862","2862","2862"
"12950","0.33712971210479736","0.33712971210479736","0.33712971210479736","2864","2864","2864"
"12955","0.2789525032043457","0.2789525032043457","0.2789525032043457","2865","2865","2865"
"12960","0.2985453844070435","0.2985453844070435","0.2985453844070435","2866","2866","2866"
"12965","0.28213374614715575","0.28213374614715575","0.28213374614715575","2867","2867","2867"
"12970","0.2777620077133179","0.2777620077133179","0.2777620077133179","2868","2868","2868"
"12975","0.27811250686645506","0.27811250686645506","0.27811250686645506","2869","2869","2869"
"12980","0.27003214359283445","0.27003214359283445","0.27003214359283445","2870","2870","2870"
"12985","0.3098220109939575","0.3098220109939575","0.3098220109939575","2871","2871","2871"
"12990","0.3047945022583008","0.3047945022583008","0.3047945022583008","2872","2872","2872"
"12995","0.2990476846694946","0.2990476846694946","0.2990476846694946","2873","2873","2873"
"13000","0.30624516010284425","0.30624516010284425","0.30624516010284425","2875","2875","2875"
"13005","0.3219642400741577","0.3213900804519653","0.3225383996963501","2881.5","2877","2886"
"13010","0.29865201711654665","0.29733004570007326","0.29997398853302004","2882.5","2878","2887"
"13015","0.28970459699630735","0.2894713878631592","0.2899378061294556","2883.5","2879","2888"
"13020","0.3114394783973694","0.31072220802307127","0.3121567487716675","2884.5","2880","2889"
"13025","0.27566304206848147","0.273364782333374","0.27796130180358886","2885.5","2881","2890"
"13030","0.2907080173492432","0.2907080173492432","0.2907080173492432","2891","2891","2891"
"13035","0.301749587059021","0.301749587059021","0.301749587059021","2892","2892","2892"
"13040","0.30704967975616454","0.30704967975616454","0.30704967975616454","2893","2893","2893"
"13045","0.31012635231018065","0.31012635231018065","0.31012635231018065","2894","2894","2894"
"13050","0.2784083604812622","0.2784083604812622","0.2784083604812622","2896","2896","2896"
"13055","0.30490813255310056","0.30490813255310056","0.30490813255310056","2897","2897","2897"
"13060","0.2970895528793335","0.2970895528793335","0.2970895528793335","2898","2898","2898"
"13065","0.31292877197265623","0.31292877197265623","0.31292877197265623","2899","2899","2899"
"13070","0.3001904010772705","0.3001904010772705","0.3001904010772705","2900","2900","2900"
"13075","0.25693886280059813","0.25693886280059813","0.25693886280059813","2901","2901","2901"
"13080","0.27826318740844724","0.27826318740844724","0.27826318740844724","2902","2902","2902"
"13085","0.2729418992996216","0.2729418992996216","0.2729418992996216","2903","2903","2903"
"13090","0.28847148418426516","0.28847148418426516","0.28847148418426516","2904","2904","2904"
"13095","0.28555524349212646","0.28555524349212646","0.28555524349212646","2905","2905","2905"
"13100","0.26505820751190184","0.26505820751190184","0.26505820751190184","2907","2907","2907"
"13105","0.2727937936782837","0.2727937936782837","0.2727937936782837","2908","2908","2908"
"13110","0.29313859939575193","0.29313859939575193","0.29313859939575193","2909","2909","2909"
"13115","0.26179664134979247","0.26179664134979247","0.26179664134979247","2910","2910","2910"
"13120","0.2799695014953613","0.2799695014953613","0.2799695014953613","2911","2911","2911"
"13125","0.2968270778656006","0.2968270778656006","0.2968270778656006","2912","2912","2912"
"13130","0.30529179573059084","0.30529179573059084","0.30529179573059084","2913","2913","2913"
"13135","0.2879036903381348","0.2879036903381348","0.2879036903381348","2914","2914","2914"
"13140","0.29288206100463865","0.29288206100463865","0.29288206100463865","2915","2915","2915"
"13145","0.2720688819885254","0.2720688819885254","0.2720688819885254","2916","2916","2916"
"13150","0.2911616563796997","0.2911616563796997","0.2911616563796997","2918","2918","2918"
"13155","0.272061824798584","0.272061824798584","0.272061824798584","2919","2919","2919"
"13160","0.2744806528091431","0.2744806528091431","0.2744806528091431","2920","2920","2920"
"13165","0.28675930500030516","0.28675930500030516","0.28675930500030516","2921","2921","2921"
"13170","0.26709120273590087","0.26709120273590087","0.26709120273590087","2922","2922","2922"
"13175","0.2621103048324585","0.2621103048324585","0.2621103048324585","2923","2923","2923"
"13180","0.2885174036026001","0.2885174036026001","0.2885174036026001","2924","2924","2924"
"13185","0.30492804050445554","0.30492804050445554","0.30492804050445554","2925","2925","2925"
"13190","0.2805290937423706","0.2805290937423706","0.2805290937423706","2926","2926","2926"
"13195","0.3060544490814209","0.3060544490814209","0.3060544490814209","2927","2927","2927"
"13200","0.306264328956604","0.306264328956604","0.306264328956604","2929","2929","2929"
"13205","0.2914710998535156","0.2914710998535156","0.2914710998535156","2930","2930","2930"
"13210","0.2850498199462891","0.2850498199462891","0.2850498199462891","2931","2931","2931"
"13215","0.26488120555877687","0.26488120555877687","0.26488120555877687","2932","2932","2932"
"13220","0.29974703788757323","0.29974703788757323","0.29974703788757323","2933","2933","2933"
"13225","0.2903318405151367","0.2903318405151367","0.2903318405151367","2934","2934","2934"
"13230","0.2828519344329834","0.2828519344329834","0.2828519344329834","2935","2935","2935"
"13235","0.288161301612854","0.288161301612854","0.288161301612854","2936","2936","2936"
"13240","0.2774202823638916","0.2774202823638916","0.2774202823638916","2937","2937","2937"
"13245","0.25284433364868164","0.25284433364868164","0.25284433364868164","2938","2938","2938"
"13250","0.27951080799102784","0.27951080799102784","0.27951080799102784","2940","2940","2940"
"13255","0.283603310585022","0.283603310585022","0.283603310585022","2941","2941","2941"
"13260","0.27789523601531985","0.27789523601531985","0.27789523601531985","2942","2942","2942"
"13265","0.30948610305786134","0.30948610305786134","0.30948610305786134","2943","2943","2943"
"13270","0.2784910202026367","0.2784910202026367","0.2784910202026367","2944","2944","2944"
"13275","0.2868852376937866","0.2868852376937866","0.2868852376937866","2945","2945","2945"
"13280","0.276686429977417","0.276686429977417","0.276686429977417","2946","2946","2946"
"13285","0.27926528453826904","0.27926528453826904","0.27926528453826904","2947","2947","2947"
"13290","0.32370734214782715","0.32370734214782715","0.32370734214782715","2948","2948","2948"
"13295","0.3045628547668457","0.3045628547668457","0.3045628547668457","2949","2949","2949"
"13300","0.28274943828582766","0.28274943828582766","0.28274943828582766","2951","2951","2951"
"13305","0.29406354427337644","0.29406354427337644","0.29406354427337644","2952","2952","2952"
"13310","0.28907754421234133","0.28907754421234133","0.28907754421234133","2953","2953","2953"
"13315","0.27920691967010497","0.27920691967010497","0.27920691967010497","2954","2954","2954"
"13320","0.29249746799468995","0.29249746799468995","0.29249746799468995","2955","2955","2955"
"13325","0.2775984525680542","0.2775984525680542","0.2775984525680542","2956","2956","2956"
"13330","0.2526993989944458","0.2526993989944458","0.2526993989944458","2957","2957","2957"
"13335","0.3137495517730713","0.3137495517730713","0.3137495517730713","2958","2958","2958"
"13340","0.2985086441040039","0.2985086441040039","0.2985086441040039","2959","2959","2959"
"13345","0.27540178298950196","0.27540178298950196","0.27540178298950196","2960","2960","2960"
"13350","0.2914430618286133","0.2914430618286133","0.2914430618286133","2962","2962","2962"
"13355","0.28894593715667727","0.28894593715667727","0.28894593715667727","2963","2963","2963"
"13360","0.2783034086227417","0.2783034086227417","0.2783034086227417","2964","2964","2964"
"13365","0.2702906608581543","0.2702906608581543","0.2702906608581543","2965","2965","2965"
"13370","0.26662659645080566","0.26662659645080566","0.26662659645080566","2966","2966","2966"
"13375","0.27056586742401123","0.27056586742401123","0.27056586742401123","2967","2967","2967"
"13380","0.27664282321929934","0.27664282321929934","0.27664282321929934","2968","2968","2968"
"13385","0.2941241979598999","0.2941241979598999","0.2941241979598999","2969","2969","2969"
"13390","0.29034559726715087","0.29034559726715087","0.29034559726715087","2970","2970","2970"
"13395","0.2790950298309326","0.2790950298309326","0.2790950298309326","2971","2971","2971"
"13400","0.32350471019744875","0.32350471019744875","0.32350471019744875","2973","2973","2973"
"13405","0.2845127820968628","0.2845127820968628","0.2845127820968628","2974","2974","2974"
"13410","0.3005957126617432","0.3005957126617432","0.3005957126617432","2975","2975","2975"
"13415","0.2805983304977417","0.2805983304977417","0.2805983304977417","2976","2976","2976"
"13420","0.2857855558395386","0.2857855558395386","0.2857855558395386","2977","2977","2977"
"13425","0.26704792976379393","0.26704792976379393","0.26704792976379393","2978","2978","2978"
"13430","0.27163431644439695","0.27163431644439695","0.27163431644439695","2979","2979","2979"
"13435","0.27291924953460694","0.27291924953460694","0.27291924953460694","2980","2980","2980"
"13440","0.27786779403686523","0.27786779403686523","0.27786779403686523","2981","2981","2981"
"13445","0.27437379360198977","0.27437379360198977","0.27437379360198977","2982","2982","2982"
"13450","0.26007490158081054","0.26007490158081054","0.26007490158081054","2984","2984","2984"
"13455","0.29609458446502684","0.29609458446502684","0.29609458446502684","2985","2985","2985"
"13460","0.2709959983825684","0.2709959983825684","0.2709959983825684","2986","2986","2986"
"13465","0.2803436517715454","0.2803436517715454","0.2803436517715454","2987","2987","2987"
"13470","0.2784370183944702","0.2784370183944702","0.2784370183944702","2988","2988","2988"
"13475","0.2801274061203003","0.2801274061203003","0.2801274061203003","2989","2989","2989"
"13480","0.28681676387786864","0.28681676387786864","0.28681676387786864","2990","2990","2990"
"13485","0.26953725814819335","0.26953725814819335","0.26953725814819335","2991","2991","2991"
"13490","0.2990494012832642","0.2990494012832642","0.2990494012832642","2992","2992","2992"
"13495","0.269140887260437","0.269140887260437","0.269140887260437","2993","2993","2993"
"13500","0.2908313512802124","0.2908313512802124","0.2908313512802124","2995","2995","2995"
"13505","0.2820338487625122","0.2820338487625122","0.2820338487625122","2996","2996","2996"
"13510","0.28291523456573486","0.28291523456573486","0.28291523456573486","2997","2997","2997"
"13515","0.30100038051605227","0.30100038051605227","0.30100038051605227","2998","2998","2998"
"13520","0.27855379581451417","0.27855379581451417","0.27855379581451417","2999","2999","2999"
"13525","0.28385214805603026","0.28385214805603026","0.28385214805603026","3000","3000","3000"
"13530","0.27525603771209717","0.27525603771209717","0.27525603771209717","3001","3001","3001"
"13535","0.30406181812286376","0.30406181812286376","0.30406181812286376","3002","3002","3002"
"13540","0.2908193588256836","0.2908193588256836","0.2908193588256836","3003","3003","3003"
"13545","0.2907696008682251","0.2907696008682251","0.2907696008682251","3004","3004","3004"
"13550","0.2663366079330444","0.2663366079330444","0.2663366079330444","3006","3006","3006"
"13555","0.28467204570770266","0.28467204570770266","0.28467204570770266","3007","3007","3007"
"13560","0.27818984985351564","0.27818984985351564","0.27818984985351564","3008","3008","3008"
"13565","0.28463361263275144","0.28463361263275144","0.28463361263275144","3009","3009","3009"
"13570","0.27089040279388427","0.27089040279388427","0.27089040279388427","3010","3010","3010"
"13575","0.27861478328704836","0.27861478328704836","0.27861478328704836","3011","3011","3011"
"13580","0.2957595348358154","0.2957595348358154","0.2957595348358154","3012","3012","3012"
"13585","0.2834546327590942","0.2834546327590942","0.2834546327590942","3013","3013","3013"
"13590","0.25172231197357176","0.25172231197357176","0.25172231197357176","3014","3014","3014"
"13595","0.28037927150726316","0.28037927150726316","0.28037927150726316","3015","3015","3015"
"13600","0.2637149810791016","0.2637149810791016","0.2637149810791016","3017","3017","3017"
"13605","0.3029635906219482","0.3029635906219482","0.3029635906219482","3018","3018","3018"
"13610","0.2387871265411377","0.2387871265411377","0.2387871265411377","3019","3019","3019"
"13615","0.261079216003418","0.261079216003418","0.261079216003418","3020","3020","3020"
"13620","0.2568387746810913","0.2568387746810913","0.2568387746810913","3021","3021","3021"
"13625","0.2926497220993042","0.2926497220993042","0.2926497220993042","3022","3022","3022"
"13630","0.29005272388458253","0.29005272388458253","0.29005272388458253","3023","3023","3023"
"13635","0.28577632904052735","0.28577632904052735","0.28577632904052735","3024","3024","3024"
"13640","0.2976530075073242","0.2976530075073242","0.2976530075073242","3025","3025","3025"
"13645","0.27788510322570803","0.27788510322570803","0.27788510322570803","3026","3026","3026"
"13650","0.2722829818725586","0.2722829818725586","0.2722829818725586","3028","3028","3028"
"13655","0.29768378734588624","0.29768378734588624","0.29768378734588624","3029","3029","3029"
"13660","0.24747438430786134","0.24747438430786134","0.24747438430786134","3030","3030","3030"
"13665","0.283023476600647","0.283023476600647","0.283023476600647","3031","3031","3031"
"13670","0.2748667478561401","0.2748667478561401","0.2748667478561401","3032","3032","3032"
"13675","0.28073170185089114","0.28073170185089114","0.28073170185089114","3033","3033","3033"
"13680","0.2681948184967041","0.2681948184967041","0.2681948184967041","3034","3034","3034"
"13685","0.27257208824157714","0.27257208824157714","0.27257208824157714","3035","3035","3035"
"13690","0.27992472648620603","0.27992472648620603","0.27992472648620603","3036","3036","3036"
"13695","0.2859567880630493","0.2859567880630493","0.2859567880630493","3037","3037","3037"
"13700","0.27702090740203855","0.27702090740203855","0.27702090740203855","3039","3039","3039"
"13705","0.26275384426116943","0.26275384426116943","0.26275384426116943","3040","3040","3040"
"13710","0.2688663721084595","0.2688663721084595","0.2688663721084595","3041","3041","3041"
"13715","0.274873161315918","0.274873161315918","0.274873161315918","3042","3042","3042"
"13720","0.2755101203918457","0.2755101203918457","0.2755101203918457","3043","3043","3043"
"13725","0.27486310005187986","0.27486310005187986","0.27486310005187986","3044","3044","3044"
"13730","0.28492696285247804","0.28492696285247804","0.28492696285247804","3045","3045","3045"
"13735","0.2800952911376953","0.2800952911376953","0.2800952911376953","3046","3046","3046"
"13740","0.28122355937957766","0.28122355937957766","0.28122355937957766","3047","3047","3047"
"13745","0.2725663185119629","0.2725663185119629","0.2725663185119629","3048","3048","3048"
"13750","0.2766803503036499","0.2766803503036499","0.2766803503036499","3050","3050","3050"
"13755","0.2866471767425537","0.2866471767425537","0.2866471767425537","3051","3051","3051"
"13760","0.27415382862091064","0.27415382862091064","0.27415382862091064","3052","3052","3052"
"13765","0.3027281522750854","0.3027281522750854","0.3027281522750854","3053","3053","3053"
"13770","0.2739788293838501","0.2739788293838501","0.2739788293838501","3054","3054","3054"
"13775","0.2694849967956543","0.2694849967956543","0.2694849967956543","3055","3055","3055"
"13780","0.2498861074447632","0.2498861074447632","0.2498861074447632","3056","3056","3056"
"13785","0.2817044258117676","0.2817044258117676","0.2817044258117676","3057","3057","3057"
"13790","0.2647041082382202","0.2647041082382202","0.2647041082382202","3058","3058","3058"
"13795","0.26588988304138184","0.26588988304138184","0.26588988304138184","3059","3059","3059"
"13800","0.2751150608062744","0.2751150608062744","0.2751150608062744","3061","3061","3061"
"13805","0.2756719350814819","0.2756719350814819","0.2756719350814819","3062","3062","3062"
"13810","0.2735698461532593","0.2735698461532593","0.2735698461532593","3063","3063","3063"
"13815","0.24813706874847413","0.24813706874847413","0.24813706874847413","3064","3064","3064"
"13820","0.29531991481781006","0.29531991481781006","0.29531991481781006","3065","3065","3065"
"13825","0.26988019943237307","0.26988019943237307","0.26988019943237307","3066","3066","3066"
"13830","0.261083197593689","0.261083197593689","0.261083197593689","3067","3067","3067"
"13835","0.26310813426971436","0.26310813426971436","0.26310813426971436","3068","3068","3068"
"13840","0.2912226676940918","0.2912226676940918","0.2912226676940918","3069","3069","3069"
"13845","0.24434196949005127","0.24434196949005127","0.24434196949005127","3070","3070","3070"
"13850","0.2866905689239502","0.2866905689239502","0.2866905689239502","3072","3072","3072"
"13855","0.2920087814331055","0.2920087814331055","0.2920087814331055","3073","3073","3073"
"13860","0.29801230430603026","0.29801230430603026","0.29801230430603026","3074","3074","3074"
"13865","0.2559764862060547","0.2559764862060547","0.2559764862060547","3075","3075","3075"
"13870","0.27099061012268066","0.27099061012268066","0.27099061012268066","3076","3076","3076"
"13875","0.2834378719329834","0.2834378719329834","0.2834378719329834","3077","3077","3077"
"13880","0.25678162574768065","0.25678162574768065","0.25678162574768065","3078","3078","3078"
"13885","0.2888528347015381","0.2888528347015381","0.2888528347015381","3079","3079","3079"
"13890","0.2706084489822388","0.2706084489822388","0.2706084489822388","3080","3080","3080"
"13895","0.25923192501068115","0.25923192501068115","0.25923192501068115","3081","3081","3081"
"13900","0.25757508277893065","0.25757508277893065","0.25757508277893065","3083","3083","3083"
"13905","0.2683448076248169","0.2683448076248169","0.2683448076248169","3084","3084","3084"
"13910","0.26794824600219724","0.26794824600219724","0.26794824600219724","3085","3085","3085"
"13915","0.28129661083221436","0.28129661083221436","0.28129661083221436","3086","3086","3086"
"13920","0.2895956993103027","0.2895956993103027","0.2895956993103027","3087","3087","3087"
"13925","0.2753070592880249","0.2753070592880249","0.2753070592880249","3088","3088","3088"
"13930","0.28215694427490234","0.28215694427490234","0.28215694427490234","3089","3089","3089"
"13935","0.2938862323760986","0.2938862323760986","0.2938862323760986","3090","3090","3090"
"13940","0.2691259622573853","0.2691259622573853","0.2691259622573853","3091","3091","3091"
"13945","0.2721442222595215","0.2721442222595215","0.2721442222595215","3092","3092","3092"
"13950","0.27746732234954835","0.27746732234954835","0.27746732234954835","3094","3094","3094"
"13955","0.2590195655822754","0.2590195655822754","0.2590195655822754","3095","3095","3095"
"13960","0.27320423126220705","0.27320423126220705","0.27320423126220705","3096","3096","3096"
"13965","0.2911642074584961","0.2911642074584961","0.2911642074584961","3097","3097","3097"
"13970","0.26262712478637695","0.26262712478637695","0.26262712478637695","3098","3098","3098"
"13975","0.2784308910369873","0.2784308910369873","0.2784308910369873","3099","3099","3099"
"13980","0.2783738374710083","0.2783738374710083","0.2783738374710083","3100","3100","3100"
"13985","0.25600528717041016","0.25600528717041016","0.25600528717041016","3101","3101","3101"
"13990","0.26035754680633544","0.26035754680633544","0.26035754680633544","3102","3102","3102"
"13995","0.25938708782196046","0.25938708782196046","0.25938708782196046","3103","3103","3103"
"14000","0.27648589611053465","0.27648589611053465","0.27648589611053465","3105","3105","3105"
"14005","0.276210355758667","0.276210355758667","0.276210355758667","3107","3107","3107"
"14010","0.25644731521606445","0.25644731521606445","0.25644731521606445","3108","3108","3108"
"14015","0.27252745628356934","0.27252745628356934","0.27252745628356934","3109","3109","3109"
"14020","0.2740368604660034","0.2740368604660034","0.2740368604660034","3110","3110","3110"
"14025","0.2947489500045776","0.2947489500045776","0.2947489500045776","3111","3111","3111"
"14030","0.24152674674987792","0.24152674674987792","0.24152674674987792","3112","3112","3112"
"14035","0.24657707214355468","0.24657707214355468","0.24657707214355468","3113","3113","3113"
"14040","0.2666419267654419","0.2666419267654419","0.2666419267654419","3114","3114","3114"
"14045","0.26533238887786864","0.26533238887786864","0.26533238887786864","3115","3115","3115"
"14050","0.25491628646850584","0.25491628646850584","0.25491628646850584","3117","3117","3117"
"14055","0.26520822048187254","0.26520822048187254","0.26520822048187254","3118","3118","3118"
"14060","0.25373568534851076","0.25373568534851076","0.25373568534851076","3119","3119","3119"
"14065","0.27448225021362305","0.27448225021362305","0.27448225021362305","3120","3120","3120"
"14070","0.29492578506469724","0.29492578506469724","0.29492578506469724","3121","3121","3121"
"14075","0.2611158132553101","0.2611158132553101","0.2611158132553101","3122","3122","3122"
"14080","0.28131062984466554","0.28131062984466554","0.28131062984466554","3123","3123","3123"
"14085","0.29371721744537355","0.29371721744537355","0.29371721744537355","3124","3124","3124"
"14090","0.276959490776062","0.276959490776062","0.276959490776062","3125","3125","3125"
"14095","0.2739476919174194","0.2739476919174194","0.2739476919174194","3126","3126","3126"
"14100","0.29364619255065916","0.29364619255065916","0.29364619255065916","3128","3128","3128"
"14105","0.25928292274475095","0.25928292274475095","0.25928292274475095","3129","3129","3129"
"14110","0.2642452955245972","0.2642452955245972","0.2642452955245972","3130","3130","3130"
"14115","0.28411436080932617","0.28411436080932617","0.28411436080932617","3131","3131","3131"
"14120","0.25539886951446533","0.25539886951446533","0.25539886951446533","3132","3132","3132"
"14125","0.25408995151519775","0.25408995151519775","0.25408995151519775","3133","3133","3133"
"14130","0.272446608543396","0.272446608543396","0.272446608543396","3134","3134","3134"
"14135","0.25895490646362307","0.25895490646362307","0.25895490646362307","3135","3135","3135"
"14140","0.2692969560623169","0.2692969560623169","0.2692969560623169","3136","3136","3136"
"14145","0.27253425121307373","0.27253425121307373","0.27253425121307373","3137","3137","3137"
"14150","0.3080159664154053","0.3080159664154053","0.3080159664154053","3139","3139","3139"
"14155","0.2528297185897827","0.2528297185897827","0.2528297185897827","3140","3140","3140"
"14160","0.2584861755371094","0.2584861755371094","0.2584861755371094","3141","3141","3141"
"14165","0.2523505687713623","0.2523505687713623","0.2523505687713623","3142","3142","3142"
"14170","0.318695592880249","0.318695592880249","0.318695592880249","3143","3143","3143"
"14175","0.27374842166900637","0.27374842166900637","0.27374842166900637","3144","3144","3144"
"14180","0.26877312660217284","0.26877312660217284","0.26877312660217284","3145","3145","3145"
"14185","0.2701159715652466","0.2701159715652466","0.2701159715652466","3146","3146","3146"
"14190","0.2760005474090576","0.2760005474090576","0.2760005474090576","3147","3147","3147"
"14195","0.25949366092681886","0.25949366092681886","0.25949366092681886","3148","3148","3148"
"14200","0.27325077056884767","0.27325077056884767","0.27325077056884767","3150","3150","3150"
"14205","0.261220908164978","0.261220908164978","0.261220908164978","3151","3151","3151"
"14210","0.28425619602203367","0.28425619602203367","0.28425619602203367","3152","3152","3152"
"14215","0.29473176002502444","0.29473176002502444","0.29473176002502444","3153","3153","3153"
"14220","0.2512911558151245","0.2512911558151245","0.2512911558151245","3154","3154","3154"
"14225","0.2544714450836182","0.2544714450836182","0.2544714450836182","3155","3155","3155"
"14230","0.24360973834991456","0.24360973834991456","0.24360973834991456","3156","3156","3156"
"14235","0.2592982053756714","0.2592982053756714","0.2592982053756714","3157","3157","3157"
"14240","0.24792792797088622","0.24792792797088622","0.24792792797088622","3158","3158","3158"
"14245","0.30638823509216306","0.30638823509216306","0.30638823509216306","3159","3159","3159"
"14250","0.2818110466003418","0.2818110466003418","0.2818110466003418","3161","3161","3161"
"14255","0.29456589221954343","0.29456589221954343","0.29456589221954343","3162","3162","3162"
"14260","0.2639702558517456","0.2639702558517456","0.2639702558517456","3163","3163","3163"
"14265","0.2630761623382568","0.2630761623382568","0.2630761623382568","3164","3164","3164"
"14270","0.25875279903411863","0.25875279903411863","0.25875279903411863","3165","3165","3165"
"14275","0.276365065574646","0.276365065574646","0.276365065574646","3166","3166","3166"
"14280","0.2859551668167114","0.2859551668167114","0.2859551668167114","3167","3167","3167"
"14285","0.27145066261291506","0.27145066261291506","0.27145066261291506","3168","3168","3168"
"14290","0.23866648674011232","0.23866648674011232","0.23866648674011232","3169","3169","3169"
"14295","0.25727941989898684","0.25727941989898684","0.25727941989898684","3170","3170","3170"
"14300","0.2619600296020508","0.2619600296020508","0.2619600296020508","3172","3172","3172"
"14305","0.2823350191116333","0.2823350191116333","0.2823350191116333","3173","3173","3173"
"14310","0.2496894359588623","0.2496894359588623","0.2496894359588623","3174","3174","3174"
"14315","0.2690604209899902","0.2690604209899902","0.2690604209899902","3175","3175","3175"
"14320","0.25542726516723635","0.25542726516723635","0.25542726516723635","3176","3176","3176"
"14325","0.289694619178772","0.289694619178772","0.289694619178772","3177","3177","3177"
"14330","0.266212010383606","0.266212010383606","0.266212010383606","3178","3178","3178"
"14335","0.2786876916885376","0.2786876916885376","0.2786876916885376","3179","3179","3179"
"14340","0.2562492847442627","0.2562492847442627","0.2562492847442627","3180","3180","3180"
"14345","0.2781518459320068","0.2781518459320068","0.2781518459320068","3181","3181","3181"
"14350","0.2653323173522949","0.2653323173522949","0.2653323173522949","3183","3183","3183"
"14355","0.25293397903442383","0.25293397903442383","0.25293397903442383","3184","3184","3184"
"14360","0.25724866390228274","0.25724866390228274","0.25724866390228274","3185","3185","3185"
"14365","0.2932955503463745","0.2932955503463745","0.2932955503463745","3186","3186","3186"
"14370","0.26734018325805664","0.26734018325805664","0.26734018325805664","3187","3187","3187"
"14375","0.26029343605041505","0.26029343605041505","0.26029343605041505","3188","3188","3188"
"14380","0.26836771965026857","0.26836771965026857","0.26836771965026857","3189","3189","3189"
"14385","0.27317261695861816","0.27317261695861816","0.27317261695861816","3190","3190","3190"
"14390","0.254060697555542","0.254060697555542","0.254060697555542","3191","3191","3191"
"14395","0.29753522872924804","0.29753522872924804","0.29753522872924804","3192","3192","3192"
"14400","0.2891380786895752","0.2891380786895752","0.2891380786895752","3194","3194","3194"
"14405","0.26199889183044434","0.26199889183044434","0.26199889183044434","3195","3195","3195"
"14410","0.2761403560638428","0.2761403560638428","0.2761403560638428","3196","3196","3196"
"14415","0.25482783317565916","0.25482783317565916","0.25482783317565916","3197","3197","3197"
"14420","0.26517653465270996","0.26517653465270996","0.26517653465270996","3198","3198","3198"
"14425","0.26604351997375486","0.26604351997375486","0.26604351997375486","3199","3199","3199"
"14430","0.2969470739364624","0.2969470739364624","0.2969470739364624","3200","3200","3200"
"14435","0.27825887203216554","0.27825887203216554","0.27825887203216554","3201","3201","3201"
"14440","0.2530749559402466","0.2530749559402466","0.2530749559402466","3202","3202","3202"
"14445","0.2871294736862183","0.2871294736862183","0.2871294736862183","3203","3203","3203"
"14450","0.2624418020248413","0.2624418020248413","0.2624418020248413","3205","3205","3205"
"14455","0.24617962837219237","0.24617962837219237","0.24617962837219237","3206","3206","3206"
"14460","0.22784876823425293","0.22784876823425293","0.22784876823425293","3207","3207","3207"
"14465","0.2786073923110962","0.2786073923110962","0.2786073923110962","3208","3208","3208"
"14470","0.270794415473938","0.270794415473938","0.270794415473938","3209","3209","3209"
"14475","0.2646640777587891","0.2646640777587891","0.2646640777587891","3210","3210","3210"
"14480","0.2568681001663208","0.2568681001663208","0.2568681001663208","3211","3211","3211"
"14485","0.27142698764801027","0.27142698764801027","0.27142698764801027","3212","3212","3212"
"14490","0.26066174507141116","0.26066174507141116","0.26066174507141116","3213","3213","3213"
"14495","0.25588786602020264","0.25588786602020264","0.25588786602020264","3214","3214","3214"
"14500","0.2793953657150269","0.2793953657150269","0.2793953657150269","3216","3216","3216"
"14505","0.28041212558746337","0.28041212558746337","0.28041212558746337","3217","3217","3217"
"14510","0.28357467651367185","0.28357467651367185","0.28357467651367185","3218","3218","3218"
"14515","0.2778285264968872","0.2778285264968872","0.2778285264968872","3219","3219","3219"
"14520","0.2688119411468506","0.2688119411468506","0.2688119411468506","3220","3220","3220"
"14525","0.28138821125030516","0.28138821125030516","0.28138821125030516","3221","3221","3221"
"14530","0.26477727890014646","0.26477727890014646","0.26477727890014646","3222","3222","3222"
"14535","0.28536577224731446","0.28536577224731446","0.28536577224731446","3223","3223","3223"
"14540","0.2551815748214722","0.2551815748214722","0.2551815748214722","3224","3224","3224"
"14545","0.2637523889541626","0.2637523889541626","0.2637523889541626","3225","3225","3225"
"14550","0.2748898506164551","0.2748898506164551","0.2748898506164551","3227","3227","3227"
"14555","0.29630112648010254","0.29630112648010254","0.29630112648010254","3228","3228","3228"
"14560","0.2570120573043823","0.2570120573043823","0.2570120573043823","3229","3229","3229"
"14565","0.26219978332519533","0.26219978332519533","0.26219978332519533","3230","3230","3230"
"14570","0.2786128282546997","0.2786128282546997","0.2786128282546997","3231","3231","3231"
"14575","0.2787578582763672","0.2787578582763672","0.2787578582763672","3232","3232","3232"
"14580","0.27124149799346925","0.27124149799346925","0.27124149799346925","3233","3233","3233"
"14585","0.2572673559188843","0.2572673559188843","0.2572673559188843","3234","3234","3234"
"14590","0.2628530263900757","0.2628530263900757","0.2628530263900757","3235","3235","3235"
"14595","0.2514068365097046","0.2514068365097046","0.2514068365097046","3236","3236","3236"
"14600","0.2810401439666748","0.2810401439666748","0.2810401439666748","3238","3238","3238"
"14605","0.2548563480377197","0.2548563480377197","0.2548563480377197","3239","3239","3239"
"14610","0.26188230514526367","0.26188230514526367","0.26188230514526367","3240","3240","3240"
"14615","0.25502405166625974","0.25502405166625974","0.25502405166625974","3241","3241","3241"
"14620","0.28515627384185793","0.28515627384185793","0.28515627384185793","3242","3242","3242"
"14625","0.280658221244812","0.280658221244812","0.280658221244812","3243","3243","3243"
"14630","0.2596448421478271","0.2596448421478271","0.2596448421478271","3244","3244","3244"
"14635","0.26062066555023194","0.26062066555023194","0.26062066555023194","3245","3245","3245"
"14640","0.24768028259277344","0.24768028259277344","0.24768028259277344","3246","3246","3246"
"14645","0.24831926822662354","0.24831926822662354","0.24831926822662354","3247","3247","3247"
"14650","0.2940595865249634","0.2940595865249634","0.2940595865249634","3249","3249","3249"
"14655","0.264573860168457","0.264573860168457","0.264573860168457","3250","3250","3250"
"14660","0.2668278694152832","0.2668278694152832","0.2668278694152832","3251","3251","3251"
"14665","0.27600266933441164","0.27600266933441164","0.27600266933441164","3252","3252","3252"
"14670","0.28207485675811766","0.28207485675811766","0.28207485675811766","3253","3253","3253"
"14675","0.30000064373016355","0.30000064373016355","0.30000064373016355","3254","3254","3254"
"14680","0.2569819211959839","0.2569819211959839","0.2569819211959839","3255","3255","3255"
"14685","0.24444799423217772","0.24444799423217772","0.24444799423217772","3256","3256","3256"
"14690","0.2607823371887207","0.2607823371887207","0.2607823371887207","3257","3257","3257"
"14695","0.2777793645858765","0.2777793645858765","0.2777793645858765","3258","3258","3258"
"14700","0.2279404878616333","0.2279404878616333","0.2279404878616333","3260","3260","3260"
"14705","0.2568733930587769","0.2568733930587769","0.2568733930587769","3261","3261","3261"
"14710","0.24699797630310058","0.24699797630310058","0.24699797630310058","3262","3262","3262"
"14715","0.28096120357513427","0.28096120357513427","0.28096120357513427","3263","3263","3263"
"14720","0.2809667825698853","0.2809667825698853","0.2809667825698853","3264","3264","3264"
"14725","0.2717787027359009","0.2717787027359009","0.2717787027359009","3265","3265","3265"
"14730","0.25170512199401857","0.25170512199401857","0.25170512199401857","3266","3266","3266"
"14735","0.27557122707366943","0.27557122707366943","0.27557122707366943","3267","3267","3267"
"14740","0.2533883094787598","0.2533883094787598","0.2533883094787598","3268","3268","3268"
"14745","0.26931612491607665","0.26931612491607665","0.26931612491607665","3269","3269","3269"
"14750","0.23871142864227296","0.23871142864227296","0.23871142864227296","3271","3271","3271"
"14755","0.26791675090789796","0.26791675090789796","0.26791675090789796","3272","3272","3272"
"14760","0.2555389881134033","0.2555389881134033","0.2555389881134033","3273","3273","3273"
"14765","0.2340906858444214","0.2340906858444214","0.2340906858444214","3274","3274","3274"
"14770","0.25023114681243896","0.25023114681243896","0.25023114681243896","3275","3275","3275"
"14775","0.24180371761322023","0.24180371761322023","0.24180371761322023","3276","3276","3276"
"14780","0.24253332614898682","0.24253332614898682","0.24253332614898682","3277","3277","3277"
"14785","0.2817873477935791","0.2817873477935791","0.2817873477935791","3278","3278","3278"
"14790","0.24487831592559814","0.24487831592559814","0.24487831592559814","3279","3279","3279"
"14795","0.27814254760742185","0.27814254760742185","0.27814254760742185","3280","3280","3280"
"14800","0.23878059387207032","0.23878059387207032","0.23878059387207032","3282","3282","3282"
"14805","0.25407118797302247","0.25407118797302247","0.25407118797302247","3283","3283","3283"
"14810","0.2614948034286499","0.2614948034286499","0.2614948034286499","3284","3284","3284"
"14815","0.22983918190002442","0.22983918190002442","0.22983918190002442","3285","3285","3285"
"14820","0.2893226623535156","0.2893226623535156","0.2893226623535156","3286","3286","3286"
"14825","0.3033266305923462","0.3033266305923462","0.3033266305923462","3287","3287","3287"
"14830","0.2520116329193115","0.2520116329193115","0.2520116329193115","3288","3288","3288"
"14835","0.27420477867126464","0.27420477867126464","0.27420477867126464","3289","3289","3289"
"14840","0.2820194482803345","0.2820194482803345","0.2820194482803345","3290","3290","3290"
"14845","0.2599352836608887","0.2599352836608887","0.2599352836608887","3291","3291","3291"
"14850","0.2725119113922119","0.2725119113922119","0.2725119113922119","3293","3293","3293"
"14855","0.2582129955291748","0.2582129955291748","0.2582129955291748","3294","3294","3294"
"14860","0.2733330488204956","0.2733330488204956","0.2733330488204956","3295","3295","3295"
"14865","0.2719693899154663","0.2719693899154663","0.2719693899154663","3296","3296","3296"
"14870","0.24790291786193847","0.24790291786193847","0.24790291786193847","3297","3297","3297"
"14875","0.25404701232910154","0.25404701232910154","0.25404701232910154","3298","3298","3298"
"14880","0.24525718688964843","0.24525718688964843","0.24525718688964843","3299","3299","3299"
"14885","0.2713384389877319","0.2713384389877319","0.2713384389877319","3300","3300","3300"
"14890","0.27006385326385496","0.27006385326385496","0.27006385326385496","3301","3301","3301"
"14895","0.25176477432250977","0.25176477432250977","0.25176477432250977","3302","3302","3302"
"14900","0.2692893981933594","0.2692893981933594","0.2692893981933594","3304","3304","3304"
"14905","0.24735167026519775","0.24735167026519775","0.24735167026519775","3305","3305","3305"
"14910","0.26499381065368655","0.26499381065368655","0.26499381065368655","3306","3306","3306"
"14915","0.2560484170913696","0.2560484170913696","0.2560484170913696","3307","3307","3307"
"14920","0.28050105571746825","0.28050105571746825","0.28050105571746825","3308","3308","3308"
"14925","0.27077906131744384","0.27077906131744384","0.27077906131744384","3309","3309","3309"
"14930","0.24430570602416993","0.24430570602416993","0.24430570602416993","3310","3310","3310"
"14935","0.2601284980773926","0.2601284980773926","0.2601284980773926","3311","3311","3311"
"14940","0.26810007095336913","0.26810007095336913","0.26810007095336913","3312","3312","3312"
"14945","0.26574699878692626","0.26574699878692626","0.26574699878692626","3313","3313","3313"
"14950","0.264448356628418","0.264448356628418","0.264448356628418","3315","3315","3315"
"14955","0.26236298084259035","0.26236298084259035","0.26236298084259035","3316","3316","3316"
"14960","0.25916409492492676","0.25916409492492676","0.25916409492492676","3317","3317","3317"
"14965","0.2580855846405029","0.2580855846405029","0.2580855846405029","3318","3318","3318"
"14970","0.2752339839935303","0.2752339839935303","0.2752339839935303","3319","3319","3319"
"14975","0.24550740718841552","0.24550740718841552","0.24550740718841552","3320","3320","3320"
"14980","0.25985920429229736","0.25985920429229736","0.25985920429229736","3321","3321","3321"
"14985","0.27328927516937257","0.27328927516937257","0.27328927516937257","3322","3322","3322"
"14990","0.2760892629623413","0.2760892629623413","0.2760892629623413","3323","3323","3323"
"14995","0.2826667070388794","0.2826667070388794","0.2826667070388794","3324","3324","3324"
"15000","0.2488499402999878","0.2488499402999878","0.2488499402999878","3326","3326","3326"
"15005","0.2616336107254028","0.2616336107254028","0.2616336107254028","3328","3328","3328"
"15010","0.2715791940689087","0.2715791940689087","0.2715791940689087","3329","3329","3329"
"15015","0.28201966285705565","0.28201966285705565","0.28201966285705565","3330","3330","3330"
"15020","0.23828041553497314","0.23828041553497314","0.23828041553497314","3331","3331","3331"
"15025","0.27403485774993896","0.27403485774993896","0.27403485774993896","3332","3332","3332"
"15030","0.25777578353881836","0.25777578353881836","0.25777578353881836","3333","3333","3333"
"15035","0.2697638273239136","0.2697638273239136","0.2697638273239136","3334","3334","3334"
"15040","0.2643752574920654","0.2643752574920654","0.2643752574920654","3335","3335","3335"
"15045","0.26422119140625","0.26422119140625","0.26422119140625","3336","3336","3336"
"15050","0.2414219617843628","0.2414219617843628","0.2414219617843628","3338","3338","3338"
"15055","0.2554224729537964","0.2554224729537964","0.2554224729537964","3339","3339","3339"
"15060","0.2611137628555298","0.2611137628555298","0.2611137628555298","3340","3340","3340"
"15065","0.28065054416656493","0.28065054416656493","0.28065054416656493","3341","3341","3341"
"15070","0.27314727306365966","0.27314727306365966","0.27314727306365966","3342","3342","3342"
"15075","0.2685537576675415","0.2685537576675415","0.2685537576675415","3343","3343","3343"
"15080","0.23777036666870116","0.23777036666870116","0.23777036666870116","3344","3344","3344"
"15085","0.2421572208404541","0.2421572208404541","0.2421572208404541","3345","3345","3345"
"15090","0.25609962940216063","0.25609962940216063","0.25609962940216063","3346","3346","3346"
"15095","0.2667451143264771","0.2667451143264771","0.2667451143264771","3347","3347","3347"
"15100","0.2425691843032837","0.2425691843032837","0.2425691843032837","3349","3349","3349"
"15105","0.26076743602752683","0.26076743602752683","0.26076743602752683","3350","3350","3350"
"15110","0.25476152896881105","0.25476152896881105","0.25476152896881105","3351","3351","3351"
"15115","0.2622209072113037","0.2622209072113037","0.2622209072113037","3352","3352","3352"
"15120","0.25811355113983153","0.25811355113983153","0.25811355113983153","3353","3353","3353"
"15125","0.2451254606246948","0.2451254606246948","0.2451254606246948","3354","3354","3354"
"15130","0.24280695915222167","0.24280695915222167","0.24280695915222167","3355","3355","3355"
"15135","0.2505544662475586","0.2505544662475586","0.2505544662475586","3356","3356","3356"
"15140","0.2727875947952271","0.2727875947952271","0.2727875947952271","3357","3357","3357"
"15145","0.24032840728759766","0.24032840728759766","0.24032840728759766","3358","3358","3358"
"15150","0.2560239791870117","0.2560239791870117","0.2560239791870117","3360","3360","3360"
"15155","0.26548070907592775","0.26548070907592775","0.26548070907592775","3361","3361","3361"
"15160","0.24836692810058594","0.24836692810058594","0.24836692810058594","3362","3362","3362"
"15165","0.24525823593139648","0.24525823593139648","0.24525823593139648","3363","3363","3363"
"15170","0.2555978775024414","0.2555978775024414","0.2555978775024414","3364","3364","3364"
"15175","0.24622085094451904","0.24622085094451904","0.24622085094451904","3365","3365","3365"
"15180","0.2620492696762085","0.2620492696762085","0.2620492696762085","3366","3366","3366"
"15185","0.27553746700286863","0.27553746700286863","0.27553746700286863","3367","3367","3367"
"15190","0.2731917381286621","0.2731917381286621","0.2731917381286621","3368","3368","3368"
"15195","0.24714701175689696","0.24714701175689696","0.24714701175689696","3369","3369","3369"
"15200","0.26208536624908446","0.26208536624908446","0.26208536624908446","3371","3371","3371"
"15205","0.24320645332336427","0.24320645332336427","0.24320645332336427","3372","3372","3372"
"15210","0.27722179889678955","0.27722179889678955","0.27722179889678955","3373","3373","3373"
"15215","0.24538259506225585","0.24538259506225585","0.24538259506225585","3374","3374","3374"
"15220","0.24702980518341064","0.24702980518341064","0.24702980518341064","3375","3375","3375"
"15225","0.24095189571380615","0.24095189571380615","0.24095189571380615","3376","3376","3376"
"15230","0.2663700819015503","0.2663700819015503","0.2663700819015503","3377","3377","3377"
"15235","0.23327949047088622","0.23327949047088622","0.23327949047088622","3378","3378","3378"
"15240","0.28673224449157714","0.28673224449157714","0.28673224449157714","3379","3379","3379"
"15245","0.2568330764770508","0.2568330764770508","0.2568330764770508","3380","3380","3380"
"15250","0.25297367572784424","0.25297367572784424","0.25297367572784424","3382","3382","3382"
"15255","0.25996358394622804","0.25996358394622804","0.25996358394622804","3383","3383","3383"
"15260","0.2556943893432617","0.2556943893432617","0.2556943893432617","3384","3384","3384"
"15265","0.2670642137527466","0.2670642137527466","0.2670642137527466","3385","3385","3385"
"15270","0.25552570819854736","0.25552570819854736","0.25552570819854736","3386","3386","3386"
"15275","0.23790533542633058","0.23790533542633058","0.23790533542633058","3387","3387","3387"
"15280","0.2512737989425659","0.2512737989425659","0.2512737989425659","3388","3388","3388"
"15285","0.2752753019332886","0.2752753019332886","0.2752753019332886","3389","3389","3389"
"15290","0.24198267459869385","0.24198267459869385","0.24198267459869385","3390","3390","3390"
"15295","0.27237160205841066","0.27237160205841066","0.27237160205841066","3391","3391","3391"
"15300","0.27152285575866697","0.27152285575866697","0.27152285575866697","3393","3393","3393"
"15305","0.2655287027359009","0.2655287027359009","0.2655287027359009","3394","3394","3394"
"15310","0.2522195100784302","0.2522195100784302","0.2522195100784302","3395","3395","3395"
"15315","0.27044742107391356","0.27044742107391356","0.27044742107391356","3396","3396","3396"
"15320","0.26748218536376955","0.26748218536376955","0.26748218536376955","3397","3397","3397"
"15325","0.2658569574356079","0.2658569574356079","0.2658569574356079","3398","3398","3398"
"15330","0.25010783672332765","0.25010783672332765","0.25010783672332765","3399","3399","3399"
"15335","0.26742260456085204","0.26742260456085204","0.26742260456085204","3400","3400","3400"
"15340","0.24229891300201417","0.24229891300201417","0.24229891300201417","3401","3401","3401"
"15345","0.2632575511932373","0.2632575511932373","0.2632575511932373","3402","3402","3402"
"15350","0.2618743658065796","0.2618743658065796","0.2618743658065796","3404","3404","3404"
"15355","0.2293762445449829","0.2293762445449829","0.2293762445449829","3405","3405","3405"
"15360","0.2358401298522949","0.2358401298522949","0.2358401298522949","3406","3406","3406"
"15365","0.2610037803649902","0.2610037803649902","0.2610037803649902","3407","3407","3407"
"15370","0.25292866230010985","0.25292866230010985","0.25292866230010985","3408","3408","3408"
"15375","0.24469780921936035","0.24469780921936035","0.24469780921936035","3409","3409","3409"
"15380","0.24341328144073487","0.24341328144073487","0.24341328144073487","3410","3410","3410"
"15385","0.2567627191543579","0.2567627191543579","0.2567627191543579","3411","3411","3411"
"15390","0.2491234302520752","0.2491234302520752","0.2491234302520752","3412","3412","3412"
"15395","0.2617314338684082","0.2617314338684082","0.2617314338684082","3413","3413","3413"
"15400","0.24754981994628905","0.24754981994628905","0.24754981994628905","3415","3415","3415"
"15405","0.24330682754516603","0.24330682754516603","0.24330682754516603","3416","3416","3416"
"15410","0.25197463035583495","0.25197463035583495","0.25197463035583495","3417","3417","3417"
"15415","0.25073862075805664","0.25073862075805664","0.25073862075805664","3418","3418","3418"
"15420","0.2800018548965454","0.2800018548965454","0.2800018548965454","3419","3419","3419"
"15425","0.2558403253555298","0.2558403253555298","0.2558403253555298","3420","3420","3420"
"15430","0.27090518474578856","0.27090518474578856","0.27090518474578856","3421","3421","3421"
"15435","0.23799738883972169","0.23799738883972169","0.23799738883972169","3422","3422","3422"
"15440","0.28268482685089114","0.28268482685089114","0.28268482685089114","3423","3423","3423"
"15445","0.27651519775390626","0.27651519775390626","0.27651519775390626","3424","3424","3424"
"15450","0.246360445022583","0.246360445022583","0.246360445022583","3426","3426","3426"
"15455","0.23715620040893554","0.23715620040893554","0.23715620040893554","3427","3427","3427"
"15460","0.2545459747314453","0.2545459747314453","0.2545459747314453","3428","3428","3428"
"15465","0.25210230350494384","0.25210230350494384","0.25210230350494384","3429","3429","3429"
"15470","0.2618417739868164","0.2618417739868164","0.2618417739868164","3430","3430","3430"
"15475","0.23845124244689941","0.23845124244689941","0.23845124244689941","3431","3431","3431"
"15480","0.2390178918838501","0.2390178918838501","0.2390178918838501","3432","3432","3432"
"15485","0.2595876455307007","0.2595876455307007","0.2595876455307007","3433","3433","3433"
"15490","0.21812112331390382","0.21812112331390382","0.21812112331390382","3434","3434","3434"
"15495","0.23866667747497558","0.23866667747497558","0.23866667747497558","3435","3435","3435"
"15500","0.23682880401611328","0.23682880401611328","0.23682880401611328","3437","3437","3437"
"15505","0.25769758224487305","0.25769758224487305","0.25769758224487305","3438","3438","3438"
"15510","0.2436605215072632","0.2436605215072632","0.2436605215072632","3439","3439","3439"
"15515","0.26484994888305663","0.26484994888305663","0.26484994888305663","3440","3440","3440"
"15520","0.2756587266921997","0.2756587266921997","0.2756587266921997","3441","3441","3441"
"15525","0.28047468662261965","0.28047468662261965","0.28047468662261965","3442","3442","3442"
"15530","0.268168306350708","0.268168306350708","0.268168306350708","3443","3443","3443"
"15535","0.24221434593200683","0.24221434593200683","0.24221434593200683","3444","3444","3444"
"15540","0.25209770202636717","0.25209770202636717","0.25209770202636717","3445","3445","3445"
"15545","0.2582550525665283","0.2582550525665283","0.2582550525665283","3446","3446","3446"
"15550","0.24874649047851563","0.24874649047851563","0.24874649047851563","3448","3448","3448"
"15555","0.2518596172332764","0.2518596172332764","0.2518596172332764","3449","3449","3449"
"15560","0.2480189561843872","0.2480189561843872","0.2480189561843872","3450","3450","3450"
"15565","0.268557071685791","0.268557071685791","0.268557071685791","3451","3451","3451"
"15570","0.24880106449127198","0.24880106449127198","0.24880106449127198","3452","3452","3452"
"15575","0.2481541156768799","0.2481541156768799","0.2481541156768799","3453","3453","3453"
"15580","0.252614951133728","0.252614951133728","0.252614951133728","3454","3454","3454"
"15585","0.2658143758773804","0.2658143758773804","0.2658143758773804","3455","3455","3455"
"15590","0.25498499870300295","0.25498499870300295","0.25498499870300295","3456","3456","3456"
"15595","0.2535052537918091","0.2535052537918091","0.2535052537918091","3457","3457","3457"
"15600","0.2640701770782471","0.2640701770782471","0.2640701770782471","3459","3459","3459"
"15605","0.26072285175323484","0.26072285175323484","0.26072285175323484","3460","3460","3460"
"15610","0.26193957328796386","0.26193957328796386","0.26193957328796386","3461","3461","3461"
"15615","0.27159891128540037","0.27159891128540037","0.27159891128540037","3462","3462","3462"
"15620","0.2433034896850586","0.2433034896850586","0.2433034896850586","3463","3463","3463"
"15625","0.24796583652496337","0.24796583652496337","0.24796583652496337","3464","3464","3464"
"15630","0.24623990058898926","0.24623990058898926","0.24623990058898926","3465","3465","3465"
"15635","0.24936678409576415","0.24936678409576415","0.24936678409576415","3466","3466","3466"
"15640","0.24110629558563232","0.24110629558563232","0.24110629558563232","3467","3467","3467"
"15645","0.26106326580047606","0.26106326580047606","0.26106326580047606","3468","3468","3468"
"15650","0.25016615390777586","0.25016615390777586","0.25016615390777586","3470","3470","3470"
"15655","0.24317560195922852","0.24317560195922852","0.24317560195922852","3471","3471","3471"
"15660","0.24793605804443358","0.24793605804443358","0.24793605804443358","3472","3472","3472"
"15665","0.2511052370071411","0.2511052370071411","0.2511052370071411","3473","3473","3473"
"15670","0.27574183940887453","0.27574183940887453","0.27574183940887453","3474","3474","3474"
"15675","0.24568803310394288","0.24568803310394288","0.24568803310394288","3475","3475","3475"
"15680","0.24034276008605956","0.24034276008605956","0.24034276008605956","3476","3476","3476"
"15685","0.2529659032821655","0.2529659032821655","0.2529659032821655","3477","3477","3477"
"15690","0.23263800144195557","0.23263800144195557","0.23263800144195557","3478","3478","3478"
"15695","0.2436506748199463","0.2436506748199463","0.2436506748199463","3479","3479","3479"
"15700","0.2425373077392578","0.2425373077392578","0.2425373077392578","3481","3481","3481"
"15705","0.2369067907333374","0.2369067907333374","0.2369067907333374","3482","3482","3482"
"15710","0.25583271980285643","0.25583271980285643","0.25583271980285643","3483","3483","3483"
"15715","0.25441203117370603","0.25441203117370603","0.25441203117370603","3484","3484","3484"
"15720","0.2804561614990234","0.2804561614990234","0.2804561614990234","3485","3485","3485"
"15725","0.2450317621231079","0.2450317621231079","0.2450317621231079","3486","3486","3486"
"15730","0.2387761354446411","0.2387761354446411","0.2387761354446411","3487","3487","3487"
"15735","0.2424172878265381","0.2424172878265381","0.2424172878265381","3488","3488","3488"
"15740","0.2562247276306152","0.2562247276306152","0.2562247276306152","3489","3489","3489"
"15745","0.26136088371276855","0.26136088371276855","0.26136088371276855","3490","3490","3490"
"15750","0.24271845817565918","0.24271845817565918","0.24271845817565918","3492","3492","3492"
"15755","0.24782862663269042","0.24782862663269042","0.24782862663269042","3493","3493","3493"
"15760","0.2598471164703369","0.2598471164703369","0.2598471164703369","3494","3494","3494"
"15765","0.25167012214660645","0.25167012214660645","0.25167012214660645","3495","3495","3495"
"15770","0.2652843236923218","0.2652843236923218","0.2652843236923218","3496","3496","3496"
"15775","0.228653621673584","0.228653621673584","0.228653621673584","3497","3497","3497"
"15780","0.26144938468933104","0.26144938468933104","0.26144938468933104","3498","3498","3498"
"15785","0.24174869060516357","0.24174869060516357","0.24174869060516357","3499","3499","3499"
"15790","0.2555370569229126","0.2555370569229126","0.2555370569229126","3500","3500","3500"
"15795","0.2464735746383667","0.2464735746383667","0.2464735746383667","3501","3501","3501"
"15800","0.23299777507781982","0.23299777507781982","0.23299777507781982","3503","3503","3503"
"15805","0.23735277652740477","0.23735277652740477","0.23735277652740477","3504","3504","3504"
"15810","0.2629676818847656","0.2629676818847656","0.2629676818847656","3505","3505","3505"
"15815","0.23792357444763185","0.23792357444763185","0.23792357444763185","3506","3506","3506"
"15820","0.2806625604629517","0.2806625604629517","0.2806625604629517","3507","3507","3507"
"15825","0.2420302152633667","0.2420302152633667","0.2420302152633667","3508","3508","3508"
"15830","0.24001500606536866","0.24001500606536866","0.24001500606536866","3509","3509","3509"
"15835","0.2458962917327881","0.2458962917327881","0.2458962917327881","3510","3510","3510"
"15840","0.244736909866333","0.244736909866333","0.244736909866333","3511","3511","3511"
"15845","0.2570738554000854","0.2570738554000854","0.2570738554000854","3512","3512","3512"
"15850","0.26138145923614503","0.26138145923614503","0.26138145923614503","3514","3514","3514"
"15855","0.23503172397613525","0.23503172397613525","0.23503172397613525","3515","3515","3515"
"15860","0.2687582731246948","0.2687582731246948","0.2687582731246948","3516","3516","3516"
"15865","0.25743191242218016","0.25743191242218016","0.25743191242218016","3517","3517","3517"
"15870","0.2624296426773071","0.2624296426773071","0.2624296426773071","3518","3518","3518"
"15875","0.25456962585449217","0.25456962585449217","0.25456962585449217","3519","3519","3519"
"15880","0.2353199005126953","0.2353199005126953","0.2353199005126953","3520","3520","3520"
"15885","0.24596717357635497","0.24596717357635497","0.24596717357635497","3521","3521","3521"
"15890","0.23944692611694335","0.23944692611694335","0.23944692611694335","3522","3522","3522"
"15895","0.25274345874786375","0.25274345874786375","0.25274345874786375","3523","3523","3523"
"15900","0.24791550636291504","0.24791550636291504","0.24791550636291504","3525","3525","3525"
"15905","0.24809513092041016","0.24809513092041016","0.24809513092041016","3526","3526","3526"
"15910","0.25862023830413816","0.25862023830413816","0.25862023830413816","3527","3527","3527"
"15915","0.2338233470916748","0.2338233470916748","0.2338233470916748","3528","3528","3528"
"15920","0.25802452564239503","0.25802452564239503","0.25802452564239503","3529","3529","3529"
"15925","0.24797484874725342","0.24797484874725342","0.24797484874725342","3530","3530","3530"
"15930","0.2307713508605957","0.2307713508605957","0.2307713508605957","3531","3531","3531"
"15935","0.26744766235351564","0.26744766235351564","0.26744766235351564","3532","3532","3532"
"15940","0.24102234840393066","0.24102234840393066","0.24102234840393066","3533","3533","3533"
"15945","0.2542738914489746","0.2542738914489746","0.2542738914489746","3534","3534","3534"
"15950","0.24606764316558838","0.24606764316558838","0.24606764316558838","3536","3536","3536"
"15955","0.25130305290222166","0.25130305290222166","0.25130305290222166","3537","3537","3537"
"15960","0.2224370241165161","0.2224370241165161","0.2224370241165161","3538","3538","3538"
"15965","0.2159029483795166","0.2159029483795166","0.2159029483795166","3539","3539","3539"
"15970","0.2723165273666382","0.2723165273666382","0.2723165273666382","3540","3540","3540"
"15975","0.2381298065185547","0.2381298065185547","0.2381298065185547","3541","3541","3541"
"15980","0.21736681461334229","0.21736681461334229","0.21736681461334229","3542","3542","3542"
"15985","0.26367504596710206","0.26367504596710206","0.26367504596710206","3543","3543","3543"
"15990","0.28545389175415037","0.28545389175415037","0.28545389175415037","3544","3544","3544"
"15995","0.2622558116912842","0.2622558116912842","0.2622558116912842","3545","3545","3545"
"16000","0.25494232177734377","0.25494232177734377","0.25494232177734377","3547","3547","3547"
"16005","0.24743893146514892","0.24743893146514892","0.24743893146514892","3549","3549","3549"
"16010","0.25174827575683595","0.25174827575683595","0.25174827575683595","3550","3550","3550"
"16015","0.2661887645721436","0.2661887645721436","0.2661887645721436","3551","3551","3551"
"16020","0.23895952701568604","0.23895952701568604","0.23895952701568604","3552","3552","3552"
"16025","0.24355132579803468","0.24355132579803468","0.24355132579803468","3553","3553","3553"
"16030","0.26074838638305664","0.26074838638305664","0.26074838638305664","3554","3554","3554"
"16035","0.25676963329315183","0.25676963329315183","0.25676963329315183","3555","3555","3555"
"16040","0.25078916549682617","0.25078916549682617","0.25078916549682617","3556","3556","3556"
"16045","0.24574222564697265","0.24574222564697265","0.24574222564697265","3557","3557","3557"
"16050","0.22549009323120117","0.22549009323120117","0.22549009323120117","3559","3559","3559"
"16055","0.24913425445556642","0.24913425445556642","0.24913425445556642","3560","3560","3560"
"16060","0.26273722648620607","0.26273722648620607","0.26273722648620607","3561","3561","3561"
"16065","0.21585607528686523","0.21585607528686523","0.21585607528686523","3562","3562","3562"
"16070","0.25541911125183103","0.25541911125183103","0.25541911125183103","3563","3563","3563"
"16075","0.26403920650482177","0.26403920650482177","0.26403920650482177","3564","3564","3564"
"16080","0.24636380672454833","0.24636380672454833","0.24636380672454833","3565","3565","3565"
"16085","0.23749430179595948","0.23749430179595948","0.23749430179595948","3566","3566","3566"
"16090","0.2447220802307129","0.2447220802307129","0.2447220802307129","3567","3567","3567"
"16095","0.2625321388244629","0.2625321388244629","0.2625321388244629","3568","3568","3568"
"16100","0.23764357566833497","0.23764357566833497","0.23764357566833497","3570","3570","3570"
"16105","0.27124598026275637","0.27124598026275637","0.27124598026275637","3571","3571","3571"
"16110","0.28180828094482424","0.28180828094482424","0.28180828094482424","3572","3572","3572"
"16115","0.24963035583496093","0.24963035583496093","0.24963035583496093","3573","3573","3573"
"16120","0.2766984701156616","0.2766984701156616","0.2766984701156616","3574","3574","3574"
"16125","0.2588326454162598","0.2588326454162598","0.2588326454162598","3575","3575","3575"
"16130","0.2556597232818604","0.2556597232818604","0.2556597232818604","3576","3576","3576"
"16135","0.25027194023132326","0.25027194023132326","0.25027194023132326","3577","3577","3577"
"16140","0.2587640047073364","0.2587640047073364","0.2587640047073364","3578","3578","3578"
"16145","0.2601686954498291","0.2601686954498291","0.2601686954498291","3579","3579","3579"
"16150","0.25121631622314455","0.25121631622314455","0.25121631622314455","3581","3581","3581"
"16155","0.2379002809524536","0.2379002809524536","0.2379002809524536","3582","3582","3582"
"16160","0.24726810455322265","0.24726810455322265","0.24726810455322265","3583","3583","3583"
"16165","0.24131426811218262","0.24131426811218262","0.24131426811218262","3584","3584","3584"
"16170","0.27330608367919923","0.27330608367919923","0.27330608367919923","3585","3585","3585"
"16175","0.2487504005432129","0.2487504005432129","0.2487504005432129","3586","3586","3586"
"16180","0.2580238103866577","0.2580238103866577","0.2580238103866577","3587","3587","3587"
"16185","0.2560763359069824","0.2560763359069824","0.2560763359069824","3588","3588","3588"
"16190","0.2628908157348633","0.2628908157348633","0.2628908157348633","3589","3589","3589"
"16195","0.2581769943237305","0.2581769943237305","0.2581769943237305","3590","3590","3590"
"16200","0.24509139060974122","0.24509139060974122","0.24509139060974122","3592","3592","3592"
"16205","0.256979775428772","0.256979775428772","0.256979775428772","3593","3593","3593"
"16210","0.23724091053009033","0.23724091053009033","0.23724091053009033","3594","3594","3594"
"16215","0.26779143810272216","0.26779143810272216","0.26779143810272216","3595","3595","3595"
"16220","0.25721011161804197","0.25721011161804197","0.25721011161804197","3596","3596","3596"
"16225","0.2484947919845581","0.2484947919845581","0.2484947919845581","3597","3597","3597"
"16230","0.25447170734405516","0.25447170734405516","0.25447170734405516","3598","3598","3598"
"16235","0.27297708988189695","0.27297708988189695","0.27297708988189695","3599","3599","3599"
"16240","0.25832650661468504","0.25832650661468504","0.25832650661468504","3600","3600","3600"
"16245","0.2376356840133667","0.2376356840133667","0.2376356840133667","3601","3601","3601"
"16250","0.2616661548614502","0.2616661548614502","0.2616661548614502","3603","3603","3603"
"16255","0.2423201322555542","0.2423201322555542","0.2423201322555542","3604","3604","3604"
"16260","0.22705729007720948","0.22705729007720948","0.22705729007720948","3605","3605","3605"
"16265","0.23892924785614014","0.23892924785614014","0.23892924785614014","3606","3606","3606"
"16270","0.2569800138473511","0.2569800138473511","0.2569800138473511","3607","3607","3607"
"16275","0.23432936668395996","0.23432936668395996","0.23432936668395996","3608","3608","3608"
"16280","0.2434149980545044","0.2434149980545044","0.2434149980545044","3609","3609","3609"
"16285","0.245625901222229","0.245625901222229","0.245625901222229","3610","3610","3610"
"16290","0.23594348430633544","0.23594348430633544","0.23594348430633544","3611","3611","3611"
"16295","0.24184079170227052","0.24184079170227052","0.24184079170227052","3612","3612","3612"
"16300","0.24287517070770265","0.24287517070770265","0.24287517070770265","3614","3614","3614"
"16305","0.24578611850738524","0.24578611850738524","0.24578611850738524","3615","3615","3615"
"16310","0.2635611057281494","0.2635611057281494","0.2635611057281494","3616","3616","3616"
"16315","0.2521082401275635","0.2521082401275635","0.2521082401275635","3617","3617","3617"
"16320","0.26307024955749514","0.26307024955749514","0.26307024955749514","3618","3618","3618"
"16325","0.23410251140594482","0.23410251140594482","0.23410251140594482","3619","3619","3619"
"16330","0.26709485054016113","0.26709485054016113","0.26709485054016113","3620","3620","3620"
"16335","0.22852890491485595","0.22852890491485595","0.22852890491485595","3621","3621","3621"
"16340","0.24248032569885253","0.24248032569885253","0.24248032569885253","3622","3622","3622"
"16345","0.2512951374053955","0.2512951374053955","0.2512951374053955","3623","3623","3623"
"16350","0.23137316703796387","0.23137316703796387","0.23137316703796387","3625","3625","3625"
"16355","0.24770598411560057","0.24770598411560057","0.24770598411560057","3626","3626","3626"
"16360","0.25118043422698977","0.25118043422698977","0.25118043422698977","3627","3627","3627"
"16365","0.2440272569656372","0.2440272569656372","0.2440272569656372","3628","3628","3628"
"16370","0.2606006860733032","0.2606006860733032","0.2606006860733032","3629","3629","3629"
"16375","0.2523700475692749","0.2523700475692749","0.2523700475692749","3630","3630","3630"
"16380","0.24856808185577392","0.24856808185577392","0.24856808185577392","3631","3631","3631"
"16385","0.2738374710083008","0.2738374710083008","0.2738374710083008","3632","3632","3632"
"16390","0.2718233585357666","0.2718233585357666","0.2718233585357666","3633","3633","3633"
"16395","0.2475071668624878","0.2475071668624878","0.2475071668624878","3634","3634","3634"
"16400","0.22411365509033204","0.22411365509033204","0.22411365509033204","3636","3636","3636"
"16405","0.2543060541152954","0.2543060541152954","0.2543060541152954","3637","3637","3637"
"16410","0.247007417678833","0.247007417678833","0.247007417678833","3638","3638","3638"
"16415","0.25768589973449707","0.25768589973449707","0.25768589973449707","3639","3639","3639"
"16420","0.2241039752960205","0.2241039752960205","0.2241039752960205","3640","3640","3640"
"16425","0.2560125827789307","0.2560125827789307","0.2560125827789307","3641","3641","3641"
"16430","0.23370039463043213","0.23370039463043213","0.23370039463043213","3642","3642","3642"
"16435","0.23269734382629395","0.23269734382629395","0.23269734382629395","3643","3643","3643"
"16440","0.2446976900100708","0.2446976900100708","0.2446976900100708","3644","3644","3644"
"16445","0.27505669593811033","0.27505669593811033","0.27505669593811033","3645","3645","3645"
"16450","0.25745410919189454","0.25745410919189454","0.25745410919189454","3647","3647","3647"
"16455","0.23904759883880616","0.23904759883880616","0.23904759883880616","3648","3648","3648"
"16460","0.228741455078125","0.228741455078125","0.228741455078125","3649","3649","3649"
"16465","0.25869040489196776","0.25869040489196776","0.25869040489196776","3650","3650","3650"
"16470","0.25395631790161133","0.25395631790161133","0.25395631790161133","3651","3651","3651"
"16475","0.24624450206756593","0.24624450206756593","0.24624450206756593","3652","3652","3652"
"16480","0.23843350410461425","0.23843350410461425","0.23843350410461425","3653","3653","3653"
"16485","0.2682183742523193","0.2682183742523193","0.2682183742523193","3654","3654","3654"
"16490","0.2634472370147705","0.2634472370147705","0.2634472370147705","3655","3655","3655"
"16495","0.23768248558044433","0.23768248558044433","0.23768248558044433","3656","3656","3656"
"16500","0.25436618328094485","0.25436618328094485","0.25436618328094485","3658","3658","3658"
"16505","0.255164361000061","0.255164361000061","0.255164361000061","3659","3659","3659"
"16510","0.23571453094482422","0.23571453094482422","0.23571453094482422","3660","3660","3660"
"16515","0.24186177253723146","0.24186177253723146","0.24186177253723146","3661","3661","3661"
"16520","0.23845036029815675","0.23845036029815675","0.23845036029815675","3662","3662","3662"
"16525","0.24051308631896973","0.24051308631896973","0.24051308631896973","3663","3663","3663"
"16530","0.25510444641113283","0.25510444641113283","0.25510444641113283","3664","3664","3664"
"16535","0.23719437122344972","0.23719437122344972","0.23719437122344972","3665","3665","3665"
"16540","0.24078402519226075","0.24078402519226075","0.24078402519226075","3666","3666","3666"
"16545","0.27132985591888426","0.27132985591888426","0.27132985591888426","3667","3667","3667"
"16550","0.24179430007934571","0.24179430007934571","0.24179430007934571","3669","3669","3669"
"16555","0.22425527572631837","0.22425527572631837","0.22425527572631837","3670","3670","3670"
"16560","0.22632260322570802","0.22632260322570802","0.22632260322570802","3671","3671","3671"
"16565","0.2394084930419922","0.2394084930419922","0.2394084930419922","3672","3672","3672"
"16570","0.2399895668029785","0.2399895668029785","0.2399895668029785","3673","3673","3673"
"16575","0.24626824855804444","0.24626824855804444","0.24626824855804444","3674","3674","3674"
"16580","0.24180502891540528","0.24180502891540528","0.24180502891540528","3675","3675","3675"
"16585","0.2483976364135742","0.2483976364135742","0.2483976364135742","3676","3676","3676"
"16590","0.26924805641174315","0.26924805641174315","0.26924805641174315","3677","3677","3677"
"16595","0.23651199340820311","0.23651199340820311","0.23651199340820311","3678","3678","3678"
"16600","0.25327086448669434","0.25327086448669434","0.25327086448669434","3680","3680","3680"
"16605","0.2392449140548706","0.2392449140548706","0.2392449140548706","3681","3681","3681"
"16610","0.2355329990386963","0.2355329990386963","0.2355329990386963","3682","3682","3682"
"16615","0.25097155570983887","0.25097155570983887","0.25097155570983887","3683","3683","3683"
"16620","0.23654632568359374","0.23654632568359374","0.23654632568359374","3684","3684","3684"
"16625","0.2462994337081909","0.2462994337081909","0.2462994337081909","3685","3685","3685"
"16630","0.2436424732208252","0.2436424732208252","0.2436424732208252","3686","3686","3686"
"16635","0.24343912601470946","0.24343912601470946","0.24343912601470946","3687","3687","3687"
"16640","0.23195462226867675","0.23195462226867675","0.23195462226867675","3688","3688","3688"
"16645","0.26067728996276857","0.26067728996276857","0.26067728996276857","3689","3689","3689"
"16650","0.24479446411132813","0.24479446411132813","0.24479446411132813","3691","3691","3691"
"16655","0.2356311321258545","0.2356311321258545","0.2356311321258545","3692","3692","3692"
"16660","0.23313751220703124","0.23313751220703124","0.23313751220703124","3693","3693","3693"
"16665","0.2359926700592041","0.2359926700592041","0.2359926700592041","3694","3694","3694"
"16670","0.23290615081787108","0.23290615081787108","0.23290615081787108","3695","3695","3695"
"16675","0.21745812892913818","0.21745812892913818","0.21745812892913818","3696","3696","3696"
"16680","0.24125277996063232","0.24125277996063232","0.24125277996063232","3697","3697","3697"
"16685","0.2232224941253662","0.2232224941253662","0.2232224941253662","3698","3698","3698"
"16690","0.2650623083114624","0.2650623083114624","0.2650623083114624","3699","3699","3699"
"16695","0.23577601909637452","0.23577601909637452","0.23577601909637452","3700","3700","3700"
"16700","0.253543758392334","0.253543758392334","0.253543758392334","3702","3702","3702"
"16705","0.23600656986236573","0.23600656986236573","0.23600656986236573","3703","3703","3703"
"16710","0.24683837890625","0.24683837890625","0.24683837890625","3704","3704","3704"
"16715","0.22423410415649414","0.22423410415649414","0.22423410415649414","3705","3705","3705"
"16720","0.2395176887512207","0.2395176887512207","0.2395176887512207","3706","3706","3706"
"16725","0.23700337409973143","0.23700337409973143","0.23700337409973143","3707","3707","3707"
"16730","0.2470905065536499","0.2470905065536499","0.2470905065536499","3708","3708","3708"
"16735","0.24040606021881103","0.24040606021881103","0.24040606021881103","3709","3709","3709"
"16740","0.2339165449142456","0.2339165449142456","0.2339165449142456","3710","3710","3710"
"16745","0.24443092346191406","0.24443092346191406","0.24443092346191406","3711","3711","3711"
"16750","0.239613676071167","0.239613676071167","0.239613676071167","3713","3713","3713"
"16755","0.2493269681930542","0.2493269681930542","0.2493269681930542","3714","3714","3714"
"16760","0.25169939994812013","0.25169939994812013","0.25169939994812013","3715","3715","3715"
"16765","0.2504246473312378","0.2504246473312378","0.2504246473312378","3716","3716","3716"
"16770","0.2593261480331421","0.2593261480331421","0.2593261480331421","3717","3717","3717"
"16775","0.22516982555389403","0.22516982555389403","0.22516982555389403","3718","3718","3718"
"16780","0.26383655071258544","0.26383655071258544","0.26383655071258544","3719","3719","3719"
"16785","0.22576985359191895","0.22576985359191895","0.22576985359191895","3720","3720","3720"
"16790","0.27614731788635255","0.27614731788635255","0.27614731788635255","3721","3721","3721"
"16795","0.23628978729248046","0.23628978729248046","0.23628978729248046","3722","3722","3722"
"16800","0.24801998138427733","0.24801998138427733","0.24801998138427733","3724","3724","3724"
"16805","0.22096824645996094","0.22096824645996094","0.22096824645996094","3725","3725","3725"
"16810","0.24028561115264893","0.24028561115264893","0.24028561115264893","3726","3726","3726"
"16815","0.2343947172164917","0.2343947172164917","0.2343947172164917","3727","3727","3727"
"16820","0.2620497465133667","0.2620497465133667","0.2620497465133667","3728","3728","3728"
"16825","0.2329918384552002","0.2329918384552002","0.2329918384552002","3729","3729","3729"
"16830","0.23382322788238524","0.23382322788238524","0.23382322788238524","3730","3730","3730"
"16835","0.24392485618591309","0.24392485618591309","0.24392485618591309","3731","3731","3731"
"16840","0.23322660923004152","0.23322660923004152","0.23322660923004152","3732","3732","3732"
"16845","0.22677226066589357","0.22677226066589357","0.22677226066589357","3733","3733","3733"
"16850","0.24381115436553955","0.24381115436553955","0.24381115436553955","3735","3735","3735"
"16855","0.2362300157546997","0.2362300157546997","0.2362300157546997","3736","3736","3736"
"16860","0.25320513248443605","0.25320513248443605","0.25320513248443605","3737","3737","3737"
"16865","0.2622034549713135","0.2622034549713135","0.2622034549713135","3738","3738","3738"
"16870","0.24211571216583253","0.24211571216583253","0.24211571216583253","3739","3739","3739"
"16875","0.24134063720703125","0.24134063720703125","0.24134063720703125","3740","3740","3740"
"16880","0.25679142475128175","0.25679142475128175","0.25679142475128175","3741","3741","3741"
"16885","0.2454357624053955","0.2454357624053955","0.2454357624053955","3742","3742","3742"
"16890","0.22524044513702393","0.22524044513702393","0.22524044513702393","3743","3743","3743"
"16895","0.27580771446228025","0.27580771446228025","0.27580771446228025","3744","3744","3744"
"16900","0.2596157073974609","0.2596157073974609","0.2596157073974609","3746","3746","3746"
"16905","0.2371906518936157","0.2371906518936157","0.2371906518936157","3747","3747","3747"
"16910","0.23695025444030762","0.23695025444030762","0.23695025444030762","3748","3748","3748"
"16915","0.25017192363739016","0.25017192363739016","0.25017192363739016","3749","3749","3749"
"16920","0.26837310791015623","0.26837310791015623","0.26837310791015623","3750","3750","3750"
"16925","0.23298511505126954","0.23298511505126954","0.23298511505126954","3751","3751","3751"
"16930","0.23434693813323976","0.23434693813323976","0.23434693813323976","3752","3752","3752"
"16935","0.23262958526611327","0.23262958526611327","0.23262958526611327","3753","3753","3753"
"16940","0.24315502643585205","0.24315502643585205","0.24315502643585205","3754","3754","3754"
"16945","0.2564157724380493","0.2564157724380493","0.2564157724380493","3755","3755","3755"
"16950","0.25157597064971926","0.25157597064971926","0.25157597064971926","3757","3757","3757"
"16955","0.23056681156158448","0.23056681156158448","0.23056681156158448","3758","3758","3758"
"16960","0.2283323287963867","0.2283323287963867","0.2283323287963867","3759","3759","3759"
"16965","0.24070382118225098","0.24070382118225098","0.24070382118225098","3760","3760","3760"
"16970","0.2615971088409424","0.2615971088409424","0.2615971088409424","3761","3761","3761"
"16975","0.2379699468612671","0.2379699468612671","0.2379699468612671","3762","3762","3762"
"16980","0.24665389060974122","0.24665389060974122","0.24665389060974122","3763","3763","3763"
"16985","0.2471484899520874","0.2471484899520874","0.2471484899520874","3764","3764","3764"
"16990","0.26002376079559325","0.26002376079559325","0.26002376079559325","3765","3765","3765"
"16995","0.26731095314025877","0.26731095314025877","0.26731095314025877","3766","3766","3766"
"17000","0.2410167932510376","0.2410167932510376","0.2410167932510376","3768","3768","3768"
"17005","0.27042355537414553","0.27042355537414553","0.27042355537414553","3770","3770","3770"
"17010","0.21712150573730468","0.21712150573730468","0.21712150573730468","3771","3771","3771"
"17015","0.2313835382461548","0.2313835382461548","0.2313835382461548","3772","3772","3772"
"17020","0.2498555898666382","0.2498555898666382","0.2498555898666382","3773","3773","3773"
"17025","0.27415897846221926","0.27415897846221926","0.27415897846221926","3774","3774","3774"
"17030","0.2579187393188477","0.2579187393188477","0.2579187393188477","3775","3775","3775"
"17035","0.2206577777862549","0.2206577777862549","0.2206577777862549","3776","3776","3776"
"17040","0.26757206916809084","0.26757206916809084","0.26757206916809084","3777","3777","3777"
"17045","0.24830889701843262","0.24830889701843262","0.24830889701843262","3778","3778","3778"
"17050","0.23398227691650392","0.23398227691650392","0.23398227691650392","3780","3780","3780"
"17055","0.23395678997039795","0.23395678997039795","0.23395678997039795","3781","3781","3781"
"17060","0.22716174125671387","0.22716174125671387","0.22716174125671387","3782","3782","3782"
"17065","0.2274862289428711","0.2274862289428711","0.2274862289428711","3783","3783","3783"
"17070","0.22986836433410646","0.22986836433410646","0.22986836433410646","3784","3784","3784"
"17075","0.24527060985565186","0.24527060985565186","0.24527060985565186","3785","3785","3785"
"17080","0.24996845722198485","0.24996845722198485","0.24996845722198485","3786","3786","3786"
"17085","0.27082693576812744","0.27082693576812744","0.27082693576812744","3787","3787","3787"
"17090","0.2327720880508423","0.2327720880508423","0.2327720880508423","3788","3788","3788"
"17095","0.2258746862411499","0.2258746862411499","0.2258746862411499","3789","3789","3789"
"17100","0.24588539600372314","0.24588539600372314","0.24588539600372314","3791","3791","3791"
"17105","0.26799492835998534","0.26799492835998534","0.26799492835998534","3792","3792","3792"
"17110","0.28868603706359863","0.28868603706359863","0.28868603706359863","3793","3793","3793"
"17115","0.23469479084014894","0.23469479084014894","0.23469479084014894","3794","3794","3794"
"17120","0.2592824220657349","0.2592824220657349","0.2592824220657349","3795","3795","3795"
"17125","0.23819150924682617","0.23819150924682617","0.23819150924682617","3796","3796","3796"
"17130","0.24120378494262695","0.24120378494262695","0.24120378494262695","3797","3797","3797"
"17135","0.23401436805725098","0.23401436805725098","0.23401436805725098","3798","3798","3798"
"17140","0.22464823722839355","0.22464823722839355","0.22464823722839355","3799","3799","3799"
"17145","0.2510554790496826","0.2510554790496826","0.2510554790496826","3800","3800","3800"
"17150","0.2404247045516968","0.2404247045516968","0.2404247045516968","3802","3802","3802"
"17155","0.2529766082763672","0.2529766082763672","0.2529766082763672","3803","3803","3803"
"17160","0.22868871688842773","0.22868871688842773","0.22868871688842773","3804","3804","3804"
"17165","0.23726234436035157","0.23726234436035157","0.23726234436035157","3805","3805","3805"
"17170","0.23494164943695067","0.23494164943695067","0.23494164943695067","3806","3806","3806"
"17175","0.2616173982620239","0.2616173982620239","0.2616173982620239","3807","3807","3807"
"17180","0.26517770290374754","0.26517770290374754","0.26517770290374754","3808","3808","3808"
"17185","0.27967138290405275","0.27967138290405275","0.27967138290405275","3809","3809","3809"
"17190","0.25728204250335696","0.25728204250335696","0.25728204250335696","3810","3810","3810"
"17195","0.24312326908111573","0.24312326908111573","0.24312326908111573","3811","3811","3811"
"17200","0.25353753566741943","0.25353753566741943","0.25353753566741943","3813","3813","3813"
"17205","0.24522252082824708","0.24522252082824708","0.24522252082824708","3814","3814","3814"
"17210","0.2625689744949341","0.2625689744949341","0.2625689744949341","3815","3815","3815"
"17215","0.23379955291748047","0.23379955291748047","0.23379955291748047","3816","3816","3816"
"17220","0.2653188705444336","0.2653188705444336","0.2653188705444336","3817","3817","3817"
"17225","0.23878960609436034","0.23878960609436034","0.23878960609436034","3818","3818","3818"
"17230","0.23779988288879395","0.23779988288879395","0.23779988288879395","3819","3819","3819"
"17235","0.2449188470840454","0.2449188470840454","0.2449188470840454","3820","3820","3820"
"17240","0.2455693006515503","0.2455693006515503","0.2455693006515503","3821","3821","3821"
"17245","0.25964107513427737","0.25964107513427737","0.25964107513427737","3822","3822","3822"
"17250","0.26062874794006347","0.26062874794006347","0.26062874794006347","3824","3824","3824"
"17255","0.2302927017211914","0.2302927017211914","0.2302927017211914","3825","3825","3825"
"17260","0.24617631435394288","0.24617631435394288","0.24617631435394288","3826","3826","3826"
"17265","0.21848690509796143","0.21848690509796143","0.21848690509796143","3827","3827","3827"
"17270","0.2612781047821045","0.2612781047821045","0.2612781047821045","3828","3828","3828"
"17275","0.23900599479675294","0.23900599479675294","0.23900599479675294","3829","3829","3829"
"17280","0.27164230346679685","0.27164230346679685","0.27164230346679685","3830","3830","3830"
"17285","0.2362691879272461","0.2362691879272461","0.2362691879272461","3831","3831","3831"
"17290","0.23117444515228272","0.23117444515228272","0.23117444515228272","3832","3832","3832"
"17295","0.2613768339157104","0.2613768339157104","0.2613768339157104","3833","3833","3833"
"17300","0.25904877185821534","0.25904877185821534","0.25904877185821534","3835","3835","3835"
"17305","0.23668434619903564","0.23668434619903564","0.23668434619903564","3836","3836","3836"
"17310","0.22859814167022705","0.22859814167022705","0.22859814167022705","3837","3837","3837"
"17315","0.2414099931716919","0.2414099931716919","0.2414099931716919","3838","3838","3838"
"17320","0.24348971843719483","0.24348971843719483","0.24348971843719483","3839","3839","3839"
"17325","0.2502767562866211","0.2502767562866211","0.2502767562866211","3840","3840","3840"
"17330","0.2201761484146118","0.2201761484146118","0.2201761484146118","3841","3841","3841"
"17335","0.2254422664642334","0.2254422664642334","0.2254422664642334","3842","3842","3842"
"17340","0.23106553554534912","0.23106553554534912","0.23106553554534912","3843","3843","3843"
"17345","0.24829750061035155","0.24829750061035155","0.24829750061035155","3844","3844","3844"
"17350","0.24845190048217775","0.24845190048217775","0.24845190048217775","3846","3846","3846"
"17355","0.25078227519989016","0.25078227519989016","0.25078227519989016","3847","3847","3847"
"17360","0.21330008506774903","0.21330008506774903","0.21330008506774903","3848","3848","3848"
"17365","0.2396085023880005","0.2396085023880005","0.2396085023880005","3849","3849","3849"
"17370","0.24886043071746827","0.24886043071746827","0.24886043071746827","3850","3850","3850"
"17375","0.2471400737762451","0.2471400737762451","0.2471400737762451","3851","3851","3851"
"17380","0.2347198486328125","0.2347198486328125","0.2347198486328125","3852","3852","3852"
"17385","0.23827550411224366","0.23827550411224366","0.23827550411224366","3853","3853","3853"
"17390","0.23487324714660646","0.23487324714660646","0.23487324714660646","3854","3854","3854"
"17395","0.22958295345306395","0.22958295345306395","0.22958295345306395","3855","3855","3855"
"17400","0.23824031352996827","0.23824031352996827","0.23824031352996827","3857","3857","3857"
"17405","0.23457322120666504","0.23457322120666504","0.23457322120666504","3858","3858","3858"
"17410","0.25294339656829834","0.25294339656829834","0.25294339656829834","3859","3859","3859"
"17415","0.24370663166046141","0.24370663166046141","0.24370663166046141","3860","3860","3860"
"17420","0.23293774127960204","0.23293774127960204","0.23293774127960204","3861","3861","3861"
"17425","0.22275881767272948","0.22275881767272948","0.22275881767272948","3862","3862","3862"
"17430","0.25390851497650146","0.25390851497650146","0.25390851497650146","3863","3863","3863"
"17435","0.23537125587463378","0.23537125587463378","0.23537125587463378","3864","3864","3864"
"17440","0.2605740070343018","0.2605740070343018","0.2605740070343018","3865","3865","3865"
"17445","0.2608466148376465","0.2608466148376465","0.2608466148376465","3866","3866","3866"
"17450","0.25871026515960693","0.25871026515960693","0.25871026515960693","3868","3868","3868"
"17455","0.27943441867828367","0.27943441867828367","0.27943441867828367","3869","3869","3869"
"17460","0.24698104858398437","0.24698104858398437","0.24698104858398437","3870","3870","3870"
"17465","0.23388142585754396","0.23388142585754396","0.23388142585754396","3871","3871","3871"
"17470","0.239382004737854","0.239382004737854","0.239382004737854","3872","3872","3872"
"17475","0.25793702602386476","0.25793702602386476","0.25793702602386476","3873","3873","3873"
"17480","0.258518123626709","0.258518123626709","0.258518123626709","3874","3874","3874"
"17485","0.2518627166748047","0.2518627166748047","0.2518627166748047","3875","3875","3875"
"17490","0.24490730762481688","0.24490730762481688","0.24490730762481688","3876","3876","3876"
"17495","0.24853949546813964","0.24853949546813964","0.24853949546813964","3877","3877","3877"
"17500","0.21948659420013428","0.21948659420013428","0.21948659420013428","3879","3879","3879"
"17505","0.233916711807251","0.233916711807251","0.233916711807251","3880","3880","3880"
"17510","0.26019651889801027","0.26019651889801027","0.26019651889801027","3881","3881","3881"
"17515","0.24607129096984864","0.24607129096984864","0.24607129096984864","3882","3882","3882"
"17520","0.24372351169586182","0.24372351169586182","0.24372351169586182","3883","3883","3883"
"17525","0.24348621368408202","0.24348621368408202","0.24348621368408202","3884","3884","3884"
"17530","0.24660952091217042","0.24660952091217042","0.24660952091217042","3885","3885","3885"
"17535","0.23270702362060547","0.23270702362060547","0.23270702362060547","3886","3886","3886"
"17540","0.2340108871459961","0.2340108871459961","0.2340108871459961","3887","3887","3887"
"17545","0.24251692295074462","0.24251692295074462","0.24251692295074462","3888","3888","3888"
"17550","0.23063285350799562","0.23063285350799562","0.23063285350799562","3890","3890","3890"
"17555","0.23946571350097656","0.23946571350097656","0.23946571350097656","3891","3891","3891"
"17560","0.23797638416290284","0.23797638416290284","0.23797638416290284","3892","3892","3892"
"17565","0.23238043785095214","0.23238043785095214","0.23238043785095214","3893","3893","3893"
"17570","0.25182716846466063","0.25182716846466063","0.25182716846466063","3894","3894","3894"
"17575","0.24734537601470946","0.24734537601470946","0.24734537601470946","3895","3895","3895"
"17580","0.2661806344985962","0.2661806344985962","0.2661806344985962","3896","3896","3896"
"17585","0.23233566284179688","0.23233566284179688","0.23233566284179688","3897","3897","3897"
"17590","0.23063979148864747","0.23063979148864747","0.23063979148864747","3898","3898","3898"
"17595","0.24554641246795655","0.24554641246795655","0.24554641246795655","3899","3899","3899"
"17600","0.2434255838394165","0.2434255838394165","0.2434255838394165","3901","3901","3901"
"17605","0.22988946437835694","0.22988946437835694","0.22988946437835694","3902","3902","3902"
"17610","0.26814205646514894","0.26814205646514894","0.26814205646514894","3903","3903","3903"
"17615","0.2556077241897583","0.2556077241897583","0.2556077241897583","3904","3904","3904"
"17620","0.22949392795562745","0.22949392795562745","0.22949392795562745","3905","3905","3905"
"17625","0.24367177486419678","0.24367177486419678","0.24367177486419678","3906","3906","3906"
"17630","0.27849416732788085","0.27849416732788085","0.27849416732788085","3907","3907","3907"
"17635","0.26520183086395266","0.26520183086395266","0.26520183086395266","3908","3908","3908"
"17640","0.24554986953735353","0.24554986953735353","0.24554986953735353","3909","3909","3909"
"17645","0.25116991996765137","0.25116991996765137","0.25116991996765137","3910","3910","3910"
"17650","0.2637458324432373","0.2637458324432373","0.2637458324432373","3912","3912","3912"
"17655","0.23790109157562256","0.23790109157562256","0.23790109157562256","3913","3913","3913"
"17660","0.24088637828826903","0.24088637828826903","0.24088637828826903","3914","3914","3914"
"17665","0.22244572639465332","0.22244572639465332","0.22244572639465332","3915","3915","3915"
"17670","0.24877405166625977","0.24877405166625977","0.24877405166625977","3916","3916","3916"
"17675","0.24088294506073","0.24088294506073","0.24088294506073","3917","3917","3917"
"17680","0.25225443840026857","0.25225443840026857","0.25225443840026857","3918","3918","3918"
"17685","0.2544423818588257","0.2544423818588257","0.2544423818588257","3919","3919","3919"
"17690","0.251824164390564","0.251824164390564","0.251824164390564","3920","3920","3920"
"17695","0.2425142288208008","0.2425142288208008","0.2425142288208008","3921","3921","3921"
"17700","0.25040397644042967","0.25040397644042967","0.25040397644042967","3923","3923","3923"
"17705","0.2552699327468872","0.2552699327468872","0.2552699327468872","3924","3924","3924"
"17710","0.25960555076599123","0.25960555076599123","0.25960555076599123","3925","3925","3925"
"17715","0.22832851409912108","0.22832851409912108","0.22832851409912108","3926","3926","3926"
"17720","0.2688801050186157","0.2688801050186157","0.2688801050186157","3927","3927","3927"
"17725","0.24142169952392578","0.24142169952392578","0.24142169952392578","3928","3928","3928"
"17730","0.24559338092803956","0.24559338092803956","0.24559338092803956","3929","3929","3929"
"17735","0.2607784986495972","0.2607784986495972","0.2607784986495972","3930","3930","3930"
"17740","0.24093017578125","0.24093017578125","0.24093017578125","3931","3931","3931"
"17745","0.25502934455871584","0.25502934455871584","0.25502934455871584","3932","3932","3932"
"17750","0.2337507963180542","0.2337507963180542","0.2337507963180542","3934","3934","3934"
"17755","0.26034109592437743","0.26034109592437743","0.26034109592437743","3935","3935","3935"
"17760","0.24843080043792726","0.24843080043792726","0.24843080043792726","3936","3936","3936"
"17765","0.24470205307006837","0.24470205307006837","0.24470205307006837","3937","3937","3937"
"17770","0.2434006690979004","0.2434006690979004","0.2434006690979004","3938","3938","3938"
"17775","0.23945133686065673","0.23945133686065673","0.23945133686065673","3939","3939","3939"
"17780","0.23739335536956788","0.23739335536956788","0.23739335536956788","3940","3940","3940"
"17785","0.2408982038497925","0.2408982038497925","0.2408982038497925","3941","3941","3941"
"17790","0.250189471244812","0.250189471244812","0.250189471244812","3942","3942","3942"
"17795","0.2726686716079712","0.2726686716079712","0.2726686716079712","3943","3943","3943"
"17800","0.24084947109222413","0.24084947109222413","0.24084947109222413","3945","3945","3945"
"17805","0.23148927688598633","0.23148927688598633","0.23148927688598633","3946","3946","3946"
"17810","0.23563005924224853","0.23563005924224853","0.23563005924224853","3947","3947","3947"
"17815","0.23788506984710694","0.23788506984710694","0.23788506984710694","3948","3948","3948"
"17820","0.24468228816986085","0.24468228816986085","0.24468228816986085","3949","3949","3949"
"17825","0.24478566646575928","0.24478566646575928","0.24478566646575928","3950","3950","3950"
"17830","0.26273701190948484","0.26273701190948484","0.26273701190948484","3951","3951","3951"
"17835","0.24319872856140137","0.24319872856140137","0.24319872856140137","3952","3952","3952"
"17840","0.26392104625701907","0.26392104625701907","0.26392104625701907","3953","3953","3953"
"17845","0.25581743717193606","0.25581743717193606","0.25581743717193606","3954","3954","3954"
"17850","0.2689977645874023","0.2689977645874023","0.2689977645874023","3956","3956","3956"
"17855","0.25394606590270996","0.25394606590270996","0.25394606590270996","3957","3957","3957"
"17860","0.2568966865539551","0.2568966865539551","0.2568966865539551","3958","3958","3958"
"17865","0.22295088768005372","0.22295088768005372","0.22295088768005372","3959","3959","3959"
"17870","0.22856006622314454","0.22856006622314454","0.22856006622314454","3960","3960","3960"
"17875","0.2484351396560669","0.2484351396560669","0.2484351396560669","3961","3961","3961"
"17880","0.24413371086120605","0.24413371086120605","0.24413371086120605","3962","3962","3962"
"17885","0.26112358570098876","0.26112358570098876","0.26112358570098876","3963","3963","3963"
"17890","0.2528481721878052","0.2528481721878052","0.2528481721878052","3964","3964","3964"
"17895","0.24358677864074707","0.24358677864074707","0.24358677864074707","3965","3965","3965"
"17900","0.23836593627929686","0.23836593627929686","0.23836593627929686","3967","3967","3967"
"17905","0.22439513206481934","0.22439513206481934","0.22439513206481934","3968","3968","3968"
"17910","0.2322237968444824","0.2322237968444824","0.2322237968444824","3969","3969","3969"
"17915","0.25696473121643065","0.25696473121643065","0.25696473121643065","3970","3970","3970"
"17920","0.2387758493423462","0.2387758493423462","0.2387758493423462","3971","3971","3971"
"17925","0.24893712997436523","0.24893712997436523","0.24893712997436523","3972","3972","3972"
"17930","0.2571521282196045","0.2571521282196045","0.2571521282196045","3973","3973","3973"
"17935","0.2550137281417847","0.2550137281417847","0.2550137281417847","3974","3974","3974"
"17940","0.25696673393249514","0.25696673393249514","0.25696673393249514","3975","3975","3975"
"17945","0.23099937438964843","0.23099937438964843","0.23099937438964843","3976","3976","3976"
"17950","0.2476639986038208","0.2476639986038208","0.2476639986038208","3978","3978","3978"
"17955","0.22071473598480223","0.22071473598480223","0.22071473598480223","3979","3979","3979"
"17960","0.24308936595916747","0.24308936595916747","0.24308936595916747","3980","3980","3980"
"17965","0.24665365219116211","0.24665365219116211","0.24665365219116211","3981","3981","3981"
"17970","0.2450460433959961","0.2450460433959961","0.2450460433959961","3982","3982","3982"
"17975","0.2455808162689209","0.2455808162689209","0.2455808162689209","3983","3983","3983"
"17980","0.2505944013595581","0.2505944013595581","0.2505944013595581","3984","3984","3984"
"17985","0.2383373498916626","0.2383373498916626","0.2383373498916626","3985","3985","3985"
"17990","0.2187211275100708","0.2187211275100708","0.2187211275100708","3986","3986","3986"
"17995","0.24632735252380372","0.24632735252380372","0.24632735252380372","3987","3987","3987"
"18000","0.24430572986602783","0.24430572986602783","0.24430572986602783","3989","3989","3989"
"18005","0.2277855634689331","0.2277855634689331","0.2277855634689331","3991","3991","3991"
"18010","0.2544813632965088","0.2544813632965088","0.2544813632965088","3992","3992","3992"
"18015","0.259535813331604","0.259535813331604","0.259535813331604","3993","3993","3993"
"18020","0.24215128421783447","0.24215128421783447","0.24215128421783447","3994","3994","3994"
"18025","0.24598512649536133","0.24598512649536133","0.24598512649536133","3995","3995","3995"
"18030","0.2094569683074951","0.2094569683074951","0.2094569683074951","3996","3996","3996"
"18035","0.2516718149185181","0.2516718149185181","0.2516718149185181","3997","3997","3997"
"18040","0.2560943365097046","0.2560943365097046","0.2560943365097046","3998","3998","3998"
"18045","0.22302255630493165","0.22302255630493165","0.22302255630493165","3999","3999","3999"
"18050","0.22643711566925048","0.22643711566925048","0.22643711566925048","4001","4001","4001"
"18055","0.24147496223449708","0.24147496223449708","0.24147496223449708","4002","4002","4002"
"18060","0.24318277835845947","0.24318277835845947","0.24318277835845947","4003","4003","4003"
"18065","0.23937616348266602","0.23937616348266602","0.23937616348266602","4004","4004","4004"
"18070","0.23921546936035157","0.23921546936035157","0.23921546936035157","4005","4005","4005"
"18075","0.24066662788391113","0.24066662788391113","0.24066662788391113","4006","4006","4006"
"18080","0.2278261661529541","0.2278261661529541","0.2278261661529541","4007","4007","4007"
"18085","0.24449632167816163","0.24449632167816163","0.24449632167816163","4008","4008","4008"
"18090","0.2309180974960327","0.2309180974960327","0.2309180974960327","4009","4009","4009"
"18095","0.22572476863861085","0.22572476863861085","0.22572476863861085","4010","4010","4010"
"18100","0.25026845932006836","0.25026845932006836","0.25026845932006836","4012","4012","4012"
"18105","0.2644911289215088","0.2644911289215088","0.2644911289215088","4013","4013","4013"
"18110","0.25294058322906493","0.25294058322906493","0.25294058322906493","4014","4014","4014"
"18115","0.25984323024749756","0.25984323024749756","0.25984323024749756","4015","4015","4015"
"18120","0.25733323097229005","0.25733323097229005","0.25733323097229005","4016","4016","4016"
"18125","0.24465649127960204","0.24465649127960204","0.24465649127960204","4017","4017","4017"
"18130","0.253700852394104","0.253700852394104","0.253700852394104","4018","4018","4018"
"18135","0.2517515182495117","0.2517515182495117","0.2517515182495117","4019","4019","4019"
"18140","0.24278545379638672","0.24278545379638672","0.24278545379638672","4020","4020","4020"
"18145","0.23944494724273682","0.23944494724273682","0.23944494724273682","4021","4021","4021"
"18150","0.2424513578414917","0.2424513578414917","0.2424513578414917","4023","4023","4023"
"18155","0.2627352952957153","0.2627352952957153","0.2627352952957153","4024","4024","4024"
"18160","0.24211404323577881","0.24211404323577881","0.24211404323577881","4025","4025","4025"
"18165","0.250577974319458","0.250577974319458","0.250577974319458","4026","4026","4026"
"18170","0.24003934860229492","0.24003934860229492","0.24003934860229492","4027","4027","4027"
"18175","0.24380619525909425","0.24380619525909425","0.24380619525909425","4028","4028","4028"
"18180","0.24769055843353271","0.24769055843353271","0.24769055843353271","4029","4029","4029"
"18185","0.24592337608337403","0.24592337608337403","0.24592337608337403","4030","4030","4030"
"18190","0.252396559715271","0.252396559715271","0.252396559715271","4031","4031","4031"
"18195","0.2330252408981323","0.2330252408981323","0.2330252408981323","4032","4032","4032"
"18200","0.2425914764404297","0.2425914764404297","0.2425914764404297","4034","4034","4034"
"18205","0.2438873529434204","0.2438873529434204","0.2438873529434204","4035","4035","4035"
"18210","0.24154162406921387","0.24154162406921387","0.24154162406921387","4036","4036","4036"
"18215","0.2453599214553833","0.2453599214553833","0.2453599214553833","4037","4037","4037"
"18220","0.23971168994903563","0.23971168994903563","0.23971168994903563","4038","4038","4038"
"18225","0.2616939306259155","0.2616939306259155","0.2616939306259155","4039","4039","4039"
"18230","0.24290015697479247","0.24290015697479247","0.24290015697479247","4040","4040","4040"
"18235","0.23416564464569092","0.23416564464569092","0.23416564464569092","4041","4041","4041"
"18240","0.2559105157852173","0.2559105157852173","0.2559105157852173","4042","4042","4042"
"18245","0.26734118461608886","0.26734118461608886","0.26734118461608886","4043","4043","4043"
"18250","0.23247907161712647","0.23247907161712647","0.23247907161712647","4045","4045","4045"
"18255","0.24558939933776855","0.24558939933776855","0.24558939933776855","4046","4046","4046"
"18260","0.23482036590576172","0.23482036590576172","0.23482036590576172","4047","4047","4047"
"18265","0.24538607597351075","0.24538607597351075","0.24538607597351075","4048","4048","4048"
"18270","0.2592127561569214","0.2592127561569214","0.2592127561569214","4049","4049","4049"
"18275","0.24457826614379882","0.24457826614379882","0.24457826614379882","4050","4050","4050"
"18280","0.2500108480453491","0.2500108480453491","0.2500108480453491","4051","4051","4051"
"18285","0.24622445106506347","0.24622445106506347","0.24622445106506347","4052","4052","4052"
"18290","0.24293265342712403","0.24293265342712403","0.24293265342712403","4053","4053","4053"
"18295","0.2652531862258911","0.2652531862258911","0.2652531862258911","4054","4054","4054"
"18300","0.2528155088424683","0.2528155088424683","0.2528155088424683","4056","4056","4056"
"18305","0.24799482822418212","0.24799482822418212","0.24799482822418212","4057","4057","4057"
"18310","0.2336650609970093","0.2336650609970093","0.2336650609970093","4058","4058","4058"
"18315","0.24680373668670655","0.24680373668670655","0.24680373668670655","4059","4059","4059"
"18320","0.24565882682800294","0.24565882682800294","0.24565882682800294","4060","4060","4060"
"18325","0.2663655519485474","0.2663655519485474","0.2663655519485474","4061","4061","4061"
"18330","0.23280375003814696","0.23280375003814696","0.23280375003814696","4062","4062","4062"
"18335","0.2352816343307495","0.2352816343307495","0.2352816343307495","4063","4063","4063"
"18340","0.24665040969848634","0.24665040969848634","0.24665040969848634","4064","4064","4064"
"18345","0.23235869407653809","0.23235869407653809","0.23235869407653809","4065","4065","4065"
"18350","0.2326368808746338","0.2326368808746338","0.2326368808746338","4067","4067","4067"
"18355","0.24608755111694336","0.24608755111694336","0.24608755111694336","4068","4068","4068"
"18360","0.22538108825683595","0.22538108825683595","0.22538108825683595","4069","4069","4069"
"18365","0.23739542961120605","0.23739542961120605","0.23739542961120605","4070","4070","4070"
"18370","0.24469513893127443","0.24469513893127443","0.24469513893127443","4071","4071","4071"
"18375","0.2346135377883911","0.2346135377883911","0.2346135377883911","4072","4072","4072"
"18380","0.231038498878479","0.231038498878479","0.231038498878479","4073","4073","4073"
"18385","0.25481247901916504","0.25481247901916504","0.25481247901916504","4074","4074","4074"
"18390","0.25587756633758546","0.25587756633758546","0.25587756633758546","4075","4075","4075"
"18395","0.23511691093444825","0.23511691093444825","0.23511691093444825","4076","4076","4076"
"18400","0.25294153690338134","0.25294153690338134","0.25294153690338134","4078","4078","4078"
"18405","0.23923001289367676","0.23923001289367676","0.23923001289367676","4079","4079","4079"
"18410","0.24604578018188478","0.24604578018188478","0.24604578018188478","4080","4080","4080"
"18415","0.26161530017852785","0.26161530017852785","0.26161530017852785","4081","4081","4081"
"18420","0.2675899028778076","0.2675899028778076","0.2675899028778076","4082","4082","4082"
"18425","0.24050323963165282","0.24050323963165282","0.24050323963165282","4083","4083","4083"
"18430","0.2418217420578003","0.2418217420578003","0.2418217420578003","4084","4084","4084"
"18435","0.2639484405517578","0.2639484405517578","0.2639484405517578","4085","4085","4085"
"18440","0.23009905815124512","0.23009905815124512","0.23009905815124512","4086","4086","4086"
"18445","0.23150317668914794","0.23150317668914794","0.23150317668914794","4087","4087","4087"
"18450","0.21816003322601318","0.21816003322601318","0.21816003322601318","4089","4089","4089"
"18455","0.26948568820953367","0.26948568820953367","0.26948568820953367","4090","4090","4090"
"18460","0.2236330509185791","0.2236330509185791","0.2236330509185791","4091","4091","4091"
"18465","0.23478367328643798","0.23478367328643798","0.23478367328643798","4092","4092","4092"
"18470","0.251189136505127","0.251189136505127","0.251189136505127","4093","4093","4093"
"18475","0.24862477779388428","0.24862477779388428","0.24862477779388428","4094","4094","4094"
"18480","0.2616238594055176","0.2616238594055176","0.2616238594055176","4095","4095","4095"
"18485","0.2550810813903809","0.2550810813903809","0.2550810813903809","4096","4096","4096"
"18490","0.23944449424743652","0.23944449424743652","0.23944449424743652","4097","4097","4097"
"18495","0.23591151237487792","0.23591151237487792","0.23591151237487792","4098","4098","4098"
"18500","0.23964173793792726","0.23964173793792726","0.23964173793792726","4100","4100","4100"
"18505","0.2354954957962036","0.2354954957962036","0.2354954957962036","4101","4101","4101"
"18510","0.22932169437408448","0.22932169437408448","0.22932169437408448","4102","4102","4102"
"18515","0.2300414562225342","0.2300414562225342","0.2300414562225342","4103","4103","4103"
"18520","0.24159317016601561","0.24159317016601561","0.24159317016601561","4104","4104","4104"
"18525","0.25555691719055174","0.25555691719055174","0.25555691719055174","4105","4105","4105"